sensor_id,timestamp,temperature,humidity,location,sensor_type
1016,2025-04-10T08:09:27.000Z,19.96,46.88,BuildingA_Floor1,TypeA
1080,2025-04-07T12:45:14.000Z,31.0,54.39,BuildingA_Floor2,TypeA
1035,2025-04-09T09:45:50.000Z,16.5,63.51,BuildingA_Floor1,TypeA
1010,2025-04-07T10:32:36.000Z,33.07,59.49,BuildingB_Floor2,TypeA
1057,2025-04-09T18:06:13.000Z,26.55,55.45,BuildingA_Floor1,TypeB
1039,2025-04-10T22:35:59.000Z,33.77,49.78,BuildingA_Floor1,TypeC
1049,2025-04-10T22:26:56.000Z,32.27,57.08,BuildingB_Floor2,TypeA
1068,2025-04-09T02:21:20.000Z,29.26,66.21,BuildingB_Floor2,TypeA
1081,2025-04-10T11:11:56.000Z,21.67,67.76,BuildingB_Floor2,TypeC
1071,2025-04-07T06:41:50.000Z,21.01,56.03,BuildingB_Floor1,TypeA
1033,2025-04-07T06:03:19.000Z,32.63,32.61,BuildingA_Floor1,TypeB
1092,2025-04-11T20:10:14.000Z,31.12,35.67,BuildingB_Floor1,TypeB
1045,2025-04-07T07:51:15.000Z,25.8,68.65,BuildingA_Floor1,TypeA
1079,2025-04-07T18:54:13.000Z,19.58,30.19,BuildingA_Floor1,TypeA
1016,2025-04-07T21:57:17.000Z,16.05,39.99,BuildingA_Floor2,TypeB
1028,2025-04-09T01:48:15.000Z,23.04,70.53,BuildingB_Floor1,TypeA
1067,2025-04-07T03:29:28.000Z,32.22,59.16,BuildingB_Floor1,TypeC
1025,2025-04-10T23:38:15.000Z,15.78,49.01,BuildingB_Floor2,TypeC
1048,2025-04-10T08:40:53.000Z,21.26,61.35,BuildingA_Floor1,TypeB
1052,2025-04-11T17:44:11.000Z,17.5,46.24,BuildingA_Floor1,TypeB
1031,2025-04-11T18:42:30.000Z,16.52,64.41,BuildingB_Floor2,TypeC
1093,2025-04-09T13:02:18.000Z,18.44,36.55,BuildingB_Floor2,TypeA
1094,2025-04-08T00:20:29.000Z,32.25,76.74,BuildingA_Floor2,TypeC
1063,2025-04-08T15:32:44.000Z,26.11,69.88,BuildingA_Floor1,TypeB
1055,2025-04-09T12:08:59.000Z,17.76,60.04,BuildingB_Floor1,TypeA
1017,2025-04-08T08:15:24.000Z,30.77,38.05,BuildingB_Floor2,TypeC
1067,2025-04-07T04:55:12.000Z,34.67,50.49,BuildingA_Floor1,TypeC
1034,2025-04-10T12:39:06.000Z,19.85,72.87,BuildingB_Floor2,TypeA
1040,2025-04-10T05:29:21.000Z,24.82,43.73,BuildingA_Floor1,TypeC
1039,2025-04-07T19:33:15.000Z,26.47,63.1,BuildingA_Floor2,TypeC
1070,2025-04-11T05:43:25.000Z,25.5,51.18,BuildingB_Floor1,TypeB
1005,2025-04-11T00:29:19.000Z,23.69,50.32,BuildingB_Floor1,TypeB
1052,2025-04-10T05:37:09.000Z,32.58,49.83,BuildingB_Floor2,TypeB
1024,2025-04-09T09:07:51.000Z,29.25,38.58,BuildingA_Floor2,TypeB
1038,2025-04-09T13:55:53.000Z,31.31,75.98,BuildingB_Floor1,TypeB
1006,2025-04-09T19:09:53.000Z,32.36,43.42,BuildingA_Floor1,TypeA
1080,2025-04-09T19:05:35.000Z,16.45,30.86,BuildingA_Floor1,TypeC
1012,2025-04-10T04:48:48.000Z,21.98,33.61,BuildingB_Floor1,TypeC
1094,2025-04-09T09:01:15.000Z,26.85,67.1,BuildingB_Floor2,TypeA
1003,2025-04-09T20:00:54.000Z,15.52,34.06,BuildingA_Floor1,TypeB
1084,2025-04-10T16:12:32.000Z,27.78,44.22,BuildingB_Floor2,TypeA
1089,2025-04-08T02:26:10.000Z,26.38,70.87,BuildingA_Floor2,TypeA
1065,2025-04-09T03:45:28.000Z,23.34,73.61,BuildingA_Floor2,TypeA
1008,2025-04-10T18:53:25.000Z,30.73,50.33,BuildingA_Floor1,TypeA
1008,2025-04-11T01:25:11.000Z,22.32,32.67,BuildingB_Floor2,TypeB
1024,2025-04-09T17:21:02.000Z,20.23,32.52,BuildingB_Floor1,TypeB
1002,2025-04-09T20:28:15.000Z,25.34,53.36,BuildingA_Floor2,TypeC
1099,2025-04-10T04:56:08.000Z,24.12,30.48,BuildingB_Floor2,TypeA
1025,2025-04-09T02:44:18.000Z,28.14,74.72,BuildingA_Floor2,TypeA
1061,2025-04-09T05:42:06.000Z,19.71,64.47,BuildingB_Floor2,TypeC
1038,2025-04-09T06:52:24.000Z,22.63,44.64,BuildingB_Floor2,TypeC
1049,2025-04-10T22:23:30.000Z,25.76,66.48,BuildingB_Floor2,TypeA
1097,2025-04-11T20:43:06.000Z,34.44,55.35,BuildingB_Floor1,TypeC
1093,2025-04-11T04:47:07.000Z,28.21,74.94,BuildingB_Floor1,TypeA
1063,2025-04-08T18:16:31.000Z,19.53,55.35,BuildingB_Floor2,TypeC
1081,2025-04-08T00:27:55.000Z,24.2,67.77,BuildingB_Floor1,TypeA
1092,2025-04-10T08:08:16.000Z,31.83,34.66,BuildingA_Floor2,TypeC
1010,2025-04-10T13:28:45.000Z,18.9,39.58,BuildingA_Floor2,TypeC
1096,2025-04-07T23:22:53.000Z,32.65,36.46,BuildingB_Floor1,TypeB
1050,2025-04-12T01:33:48.000Z,18.45,76.59,BuildingA_Floor1,TypeC
1061,2025-04-10T04:19:11.000Z,32.34,78.44,BuildingB_Floor2,TypeB
1027,2025-04-08T08:05:18.000Z,19.37,75.25,BuildingA_Floor2,TypeB
1088,2025-04-08T15:40:23.000Z,20.9,66.21,BuildingB_Floor2,TypeB
1049,2025-04-11T14:15:15.000Z,29.14,51.45,BuildingB_Floor2,TypeA
1027,2025-04-07T14:29:05.000Z,30.19,36.85,BuildingB_Floor1,TypeC
1003,2025-04-07T02:25:28.000Z,20.3,53.3,BuildingA_Floor1,TypeA
1052,2025-04-09T10:08:16.000Z,26.02,60.06,BuildingA_Floor2,TypeC
1027,2025-04-09T01:30:19.000Z,15.76,40.24,BuildingA_Floor2,TypeA
1100,2025-04-11T10:02:42.000Z,20.89,68.47,BuildingB_Floor2,TypeA
1079,2025-04-08T01:24:49.000Z,22.45,66.09,BuildingB_Floor1,TypeB
1071,2025-04-11T05:10:02.000Z,27.28,55.64,BuildingA_Floor1,TypeA
1011,2025-04-08T13:36:30.000Z,30.88,76.92,BuildingB_Floor2,TypeC
1032,2025-04-08T06:34:19.000Z,34.41,79.99,BuildingB_Floor2,TypeA
1085,2025-04-09T12:23:28.000Z,15.75,64.65,BuildingB_Floor1,TypeC
1078,2025-04-07T13:43:59.000Z,17.88,72.7,BuildingB_Floor1,TypeC
1027,2025-04-07T08:41:52.000Z,30.63,46.52,BuildingA_Floor1,TypeA
1032,2025-04-08T02:27:28.000Z,24.71,75.71,BuildingB_Floor1,TypeB
1096,2025-04-11T03:58:41.000Z,31.62,59.01,BuildingA_Floor1,TypeB
1010,2025-04-09T15:58:25.000Z,26.57,58.26,BuildingA_Floor1,TypeC
1072,2025-04-07T19:41:19.000Z,16.31,61.94,BuildingA_Floor2,TypeB
1044,2025-04-08T23:21:52.000Z,31.06,78.58,BuildingA_Floor1,TypeB
1032,2025-04-08T02:40:16.000Z,31.75,44.48,BuildingB_Floor2,TypeA
1059,2025-04-11T05:09:21.000Z,17.95,50.59,BuildingB_Floor1,TypeC
1077,2025-04-07T16:59:59.000Z,15.89,42.99,BuildingB_Floor2,TypeA
1085,2025-04-10T00:14:47.000Z,34.95,52.86,BuildingA_Floor2,TypeC
1100,2025-04-08T02:29:26.000Z,26.31,78.25,BuildingB_Floor1,TypeA
1009,2025-04-10T17:31:39.000Z,17.26,67.43,BuildingB_Floor1,TypeC
1083,2025-04-09T23:01:02.000Z,24.73,40.59,BuildingB_Floor1,TypeA
1034,2025-04-10T10:09:25.000Z,25.76,60.54,BuildingB_Floor2,TypeA
1042,2025-04-08T23:28:39.000Z,18.09,41.66,BuildingB_Floor1,TypeA
1099,2025-04-10T10:39:36.000Z,20.48,50.49,BuildingA_Floor2,TypeC
1011,2025-04-07T23:41:14.000Z,34.09,53.33,BuildingA_Floor1,TypeA
1038,2025-04-11T15:55:19.000Z,18.84,36.39,BuildingB_Floor1,TypeB
1051,2025-04-10T18:04:18.000Z,29.95,42.74,BuildingB_Floor1,TypeA
1051,2025-04-11T22:41:39.000Z,22.99,35.62,BuildingB_Floor1,TypeA
1077,2025-04-09T10:50:59.000Z,22.1,66.83,BuildingB_Floor1,TypeA
1013,2025-04-09T03:20:44.000Z,30.24,43.65,BuildingB_Floor1,TypeC
1047,2025-04-08T12:51:51.000Z,33.62,49.7,BuildingB_Floor2,TypeA
1062,2025-04-11T07:46:54.000Z,26.56,72.51,BuildingB_Floor2,TypeA
1014,2025-04-07T02:18:53.000Z,29.61,47.76,BuildingA_Floor1,TypeB
1049,2025-04-07T14:20:38.000Z,19.47,72.99,BuildingA_Floor1,TypeC
1082,2025-04-09T12:07:53.000Z,18.59,44.07,BuildingB_Floor1,TypeB
1057,2025-04-08T07:55:33.000Z,22.28,71.27,BuildingB_Floor1,TypeB
1085,2025-04-10T05:24:27.000Z,30.19,73.56,BuildingB_Floor1,TypeC
1001,2025-04-08T23:46:35.000Z,31.62,30.79,BuildingB_Floor1,TypeA
1081,2025-04-10T21:53:55.000Z,17.42,73.4,BuildingA_Floor2,TypeB
1058,2025-04-09T22:03:23.000Z,19.86,34.01,BuildingB_Floor1,TypeC
1006,2025-04-07T12:17:31.000Z,33.63,37.17,BuildingB_Floor1,TypeA
1028,2025-04-08T10:05:47.000Z,18.84,68.57,BuildingA_Floor1,TypeA
1000,2025-04-10T06:37:27.000Z,33.54,31.75,BuildingB_Floor1,TypeC
1055,2025-04-07T16:52:25.000Z,28.8,53.58,BuildingA_Floor2,TypeA
1002,2025-04-09T06:20:00.000Z,21.76,39.88,BuildingA_Floor2,TypeB
1083,2025-04-07T04:29:16.000Z,15.08,39.35,BuildingA_Floor2,TypeB
1090,2025-04-10T01:15:46.000Z,23.29,73.45,BuildingB_Floor1,TypeA
1063,2025-04-07T16:02:06.000Z,23.17,31.63,BuildingA_Floor2,TypeC
1021,2025-04-11T07:22:59.000Z,25.47,52.81,BuildingB_Floor2,TypeC
1086,2025-04-10T19:58:16.000Z,27.53,58.01,BuildingB_Floor2,TypeA
1091,2025-04-07T11:40:11.000Z,29.8,70.0,BuildingA_Floor1,TypeB
1085,2025-04-10T03:32:16.000Z,31.2,66.37,BuildingB_Floor2,TypeC
1077,2025-04-11T07:43:16.000Z,32.54,79.8,BuildingA_Floor1,TypeC
1086,2025-04-10T23:58:31.000Z,16.87,58.46,BuildingA_Floor1,TypeB
1095,2025-04-10T02:22:23.000Z,21.83,37.76,BuildingB_Floor2,TypeC
1015,2025-04-10T05:44:55.000Z,27.44,30.96,BuildingB_Floor2,TypeA
1072,2025-04-11T23:12:41.000Z,18.66,57.44,BuildingA_Floor1,TypeC
1054,2025-04-11T12:15:29.000Z,16.86,56.6,BuildingA_Floor2,TypeA
1026,2025-04-09T07:05:40.000Z,16.6,40.41,BuildingB_Floor1,TypeC
1073,2025-04-08T09:47:29.000Z,16.27,58.07,BuildingB_Floor1,TypeB
1053,2025-04-11T07:24:41.000Z,21.66,52.47,BuildingB_Floor2,TypeA
1088,2025-04-12T01:27:34.000Z,16.41,45.92,BuildingA_Floor1,TypeC
1031,2025-04-11T17:20:08.000Z,30.9,55.81,BuildingA_Floor1,TypeA
1045,2025-04-07T05:09:09.000Z,28.46,58.4,BuildingA_Floor1,TypeB
1050,2025-04-09T22:28:49.000Z,28.7,64.92,BuildingA_Floor2,TypeB
1021,2025-04-09T10:00:45.000Z,27.25,59.6,BuildingB_Floor1,TypeA
1044,2025-04-11T10:11:47.000Z,24.75,76.52,BuildingB_Floor1,TypeA
1074,2025-04-09T22:53:02.000Z,23.28,30.56,BuildingA_Floor2,TypeB
1100,2025-04-09T11:33:36.000Z,28.79,61.97,BuildingA_Floor1,TypeA
1075,2025-04-10T18:16:16.000Z,26.44,70.55,BuildingA_Floor2,TypeA
1072,2025-04-07T17:39:51.000Z,18.0,32.25,BuildingB_Floor1,TypeB
1065,2025-04-10T05:19:08.000Z,28.44,63.03,BuildingB_Floor1,TypeA
1065,2025-04-10T00:32:32.000Z,26.95,39.65,BuildingA_Floor2,TypeB
1062,2025-04-11T14:20:29.000Z,33.57,61.03,BuildingB_Floor1,TypeB
1068,2025-04-08T23:50:13.000Z,16.24,46.84,BuildingA_Floor1,TypeC
1034,2025-04-09T09:11:25.000Z,17.67,32.93,BuildingA_Floor2,TypeC
1008,2025-04-10T06:40:09.000Z,21.04,42.36,BuildingB_Floor1,TypeC
1057,2025-04-07T22:59:04.000Z,26.36,53.23,BuildingB_Floor1,TypeC
1004,2025-04-10T08:10:07.000Z,23.12,49.31,BuildingA_Floor2,TypeA
1095,2025-04-10T05:32:09.000Z,17.13,53.25,BuildingB_Floor2,TypeC
1067,2025-04-11T10:25:37.000Z,18.09,65.07,BuildingA_Floor2,TypeC
1057,2025-04-07T13:39:28.000Z,33.79,70.53,BuildingB_Floor2,TypeC
1007,2025-04-11T05:46:21.000Z,27.63,31.16,BuildingA_Floor1,TypeB
1007,2025-04-11T23:46:08.000Z,34.46,33.71,BuildingB_Floor1,TypeB
1024,2025-04-09T23:54:23.000Z,24.51,77.3,BuildingA_Floor1,TypeA
1027,2025-04-10T22:11:34.000Z,17.69,76.63,BuildingB_Floor1,TypeA
1015,2025-04-10T18:24:50.000Z,17.62,60.05,BuildingA_Floor2,TypeC
1012,2025-04-09T23:56:25.000Z,25.27,39.33,BuildingB_Floor2,TypeB
1075,2025-04-07T02:14:07.000Z,23.15,61.93,BuildingA_Floor1,TypeC
1092,2025-04-08T07:29:28.000Z,18.72,58.95,BuildingA_Floor1,TypeA
1012,2025-04-09T16:34:16.000Z,22.76,66.72,BuildingB_Floor1,TypeA
1042,2025-04-08T11:48:54.000Z,31.23,76.19,BuildingB_Floor2,TypeC
1004,2025-04-08T01:42:45.000Z,15.38,58.29,BuildingB_Floor2,TypeB
1048,2025-04-07T16:05:08.000Z,23.36,43.65,BuildingA_Floor1,TypeA
1049,2025-04-07T19:52:30.000Z,16.18,69.22,BuildingB_Floor1,TypeC
1059,2025-04-08T10:34:27.000Z,21.03,43.15,BuildingA_Floor2,TypeC
1094,2025-04-11T09:41:47.000Z,34.73,33.83,BuildingA_Floor1,TypeB
1055,2025-04-11T17:38:01.000Z,19.41,68.88,BuildingA_Floor1,TypeA
1029,2025-04-08T21:19:35.000Z,32.18,66.62,BuildingB_Floor1,TypeC
1074,2025-04-08T05:47:02.000Z,16.08,47.91,BuildingA_Floor1,TypeB
1042,2025-04-10T02:46:57.000Z,27.49,70.79,BuildingB_Floor2,TypeB
1038,2025-04-10T22:51:09.000Z,25.36,71.99,BuildingA_Floor2,TypeC
1021,2025-04-09T18:08:17.000Z,26.5,64.24,BuildingB_Floor2,TypeC
1032,2025-04-10T02:04:32.000Z,30.12,53.78,BuildingB_Floor2,TypeC
1085,2025-04-09T10:17:23.000Z,33.87,48.91,BuildingB_Floor1,TypeC
1059,2025-04-11T02:34:04.000Z,19.28,76.54,BuildingB_Floor1,TypeC
1081,2025-04-09T06:44:55.000Z,24.92,65.04,BuildingB_Floor2,TypeA
1077,2025-04-10T03:54:31.000Z,22.79,67.93,BuildingA_Floor2,TypeB
1026,2025-04-08T17:25:18.000Z,31.31,72.27,BuildingA_Floor2,TypeC
1066,2025-04-12T02:11:45.000Z,29.58,36.6,BuildingB_Floor2,TypeC
1075,2025-04-08T05:16:33.000Z,23.17,75.42,BuildingB_Floor2,TypeC
1085,2025-04-11T13:58:43.000Z,23.34,72.79,BuildingA_Floor2,TypeA
1012,2025-04-08T14:15:33.000Z,32.69,65.42,BuildingA_Floor2,TypeB
1078,2025-04-08T02:20:54.000Z,24.46,70.39,BuildingA_Floor1,TypeC
1058,2025-04-10T09:24:30.000Z,27.69,42.83,BuildingB_Floor1,TypeC
1084,2025-04-07T02:54:48.000Z,16.72,39.54,BuildingB_Floor1,TypeB
1091,2025-04-10T16:49:38.000Z,21.36,68.33,BuildingB_Floor2,TypeA
1040,2025-04-10T04:04:55.000Z,17.37,57.38,BuildingB_Floor2,TypeA
1039,2025-04-11T01:32:12.000Z,23.18,59.42,BuildingB_Floor2,TypeC
1025,2025-04-08T01:05:05.000Z,28.15,47.08,BuildingB_Floor1,TypeB
1002,2025-04-12T00:18:04.000Z,33.63,38.69,BuildingA_Floor1,TypeC
1069,2025-04-09T11:40:06.000Z,27.13,31.8,BuildingA_Floor2,TypeC
1009,2025-04-09T17:20:18.000Z,24.38,39.47,BuildingA_Floor2,TypeB
1023,2025-04-11T23:11:52.000Z,15.71,72.28,BuildingA_Floor2,TypeC
1054,2025-04-11T20:56:42.000Z,28.39,73.93,BuildingB_Floor1,TypeA
1068,2025-04-11T04:23:52.000Z,30.5,71.05,BuildingB_Floor2,TypeB
1076,2025-04-07T21:48:26.000Z,23.2,68.92,BuildingA_Floor2,TypeC
1035,2025-04-11T06:58:38.000Z,17.18,55.03,BuildingA_Floor2,TypeC
1016,2025-04-10T13:01:41.000Z,22.87,56.28,BuildingB_Floor2,TypeB
1022,2025-04-11T14:50:39.000Z,26.38,53.94,BuildingB_Floor2,TypeA
1099,2025-04-08T23:54:53.000Z,28.39,67.8,BuildingB_Floor2,TypeA
1008,2025-04-11T01:56:38.000Z,29.95,38.67,BuildingB_Floor1,TypeB
1007,2025-04-07T06:32:18.000Z,24.88,77.51,BuildingA_Floor1,TypeB
1071,2025-04-11T01:49:56.000Z,31.46,31.03,BuildingB_Floor2,TypeC
1094,2025-04-09T17:49:10.000Z,27.85,79.36,BuildingB_Floor2,TypeA
1041,2025-04-07T21:51:05.000Z,23.79,56.29,BuildingA_Floor1,TypeB
1069,2025-04-07T13:26:48.000Z,25.34,35.01,BuildingA_Floor1,TypeB
1086,2025-04-09T04:50:10.000Z,23.42,32.9,BuildingA_Floor1,TypeB
1086,2025-04-11T06:54:20.000Z,18.58,49.86,BuildingA_Floor2,TypeC
1030,2025-04-11T09:50:25.000Z,30.74,76.79,BuildingB_Floor1,TypeA
1095,2025-04-11T15:46:16.000Z,18.69,72.31,BuildingB_Floor1,TypeA
1043,2025-04-09T11:34:34.000Z,32.71,61.4,BuildingA_Floor2,TypeA
1052,2025-04-10T17:08:11.000Z,21.79,43.87,BuildingB_Floor2,TypeB
1054,2025-04-10T08:58:32.000Z,17.75,71.34,BuildingA_Floor1,TypeB
1037,2025-04-10T21:26:51.000Z,31.0,64.96,BuildingA_Floor1,TypeB
1016,2025-04-08T16:54:01.000Z,15.44,79.54,BuildingB_Floor1,TypeA
1086,2025-04-09T12:20:35.000Z,18.06,74.69,BuildingA_Floor1,TypeC
1046,2025-04-08T16:42:13.000Z,24.76,60.09,BuildingA_Floor2,TypeC
1006,2025-04-11T03:33:45.000Z,22.38,75.16,BuildingA_Floor1,TypeC
1025,2025-04-10T00:03:38.000Z,20.48,46.8,BuildingB_Floor2,TypeA
1026,2025-04-11T15:26:32.000Z,31.33,35.24,BuildingA_Floor2,TypeB
1065,2025-04-07T17:38:21.000Z,18.77,55.67,BuildingB_Floor1,TypeC
1062,2025-04-09T16:33:39.000Z,15.13,46.48,BuildingA_Floor2,TypeC
1086,2025-04-08T07:42:34.000Z,32.43,40.0,BuildingA_Floor1,TypeB
1066,2025-04-10T00:22:54.000Z,33.24,66.69,BuildingA_Floor1,TypeA
1048,2025-04-08T22:23:02.000Z,17.42,73.21,BuildingB_Floor2,TypeB
1100,2025-04-07T12:00:21.000Z,30.5,39.3,BuildingA_Floor1,TypeA
1087,2025-04-09T00:00:04.000Z,32.91,50.8,BuildingA_Floor2,TypeB
1092,2025-04-10T05:17:29.000Z,25.11,58.66,BuildingA_Floor1,TypeA
1017,2025-04-11T15:34:16.000Z,27.1,58.44,BuildingA_Floor1,TypeB
1083,2025-04-10T02:23:36.000Z,28.01,77.06,BuildingB_Floor1,TypeB
1055,2025-04-10T18:53:35.000Z,17.4,58.06,BuildingB_Floor1,TypeB
1095,2025-04-10T14:47:54.000Z,20.67,69.34,BuildingB_Floor1,TypeA
1074,2025-04-11T09:35:18.000Z,15.64,45.21,BuildingA_Floor1,TypeC
1007,2025-04-08T04:59:41.000Z,24.56,56.11,BuildingB_Floor1,TypeC
1025,2025-04-09T08:53:10.000Z,21.1,53.24,BuildingB_Floor2,TypeB
1022,2025-04-09T07:44:58.000Z,24.89,49.56,BuildingB_Floor1,TypeC
1047,2025-04-07T04:57:41.000Z,22.25,55.39,BuildingB_Floor2,TypeC
1061,2025-04-11T23:42:43.000Z,30.96,42.3,BuildingB_Floor1,TypeB
1050,2025-04-09T23:33:45.000Z,20.09,55.51,BuildingA_Floor2,TypeB
1085,2025-04-11T08:55:09.000Z,16.38,76.66,BuildingA_Floor1,TypeC
1099,2025-04-08T09:49:11.000Z,28.68,58.0,BuildingB_Floor1,TypeA
1083,2025-04-08T08:04:59.000Z,23.98,59.02,BuildingA_Floor1,TypeA
1051,2025-04-10T05:31:57.000Z,29.76,65.57,BuildingA_Floor1,TypeB
1086,2025-04-08T14:35:23.000Z,29.69,35.36,BuildingA_Floor2,TypeC
1071,2025-04-11T04:12:14.000Z,16.71,70.55,BuildingB_Floor2,TypeB
1067,2025-04-11T02:26:06.000Z,18.28,78.68,BuildingA_Floor1,TypeB
1006,2025-04-09T19:50:45.000Z,33.49,55.63,BuildingB_Floor1,TypeC
1091,2025-04-10T13:41:00.000Z,23.82,60.83,BuildingB_Floor1,TypeB
1072,2025-04-07T17:37:01.000Z,25.68,43.53,BuildingA_Floor2,TypeA
1018,2025-04-07T08:54:52.000Z,34.11,45.55,BuildingB_Floor2,TypeA
1014,2025-04-10T13:09:06.000Z,33.66,43.79,BuildingB_Floor2,TypeA
1088,2025-04-08T01:06:41.000Z,31.1,56.74,BuildingA_Floor2,TypeC
1051,2025-04-11T13:53:01.000Z,25.01,56.67,BuildingB_Floor2,TypeC
1042,2025-04-08T14:02:53.000Z,25.14,58.65,BuildingA_Floor1,TypeB
1072,2025-04-11T00:51:20.000Z,28.14,47.57,BuildingB_Floor2,TypeA
1041,2025-04-10T09:04:47.000Z,28.82,51.16,BuildingB_Floor2,TypeB
1029,2025-04-07T12:33:12.000Z,26.31,56.38,BuildingB_Floor2,TypeC
1049,2025-04-07T16:09:11.000Z,23.52,35.24,BuildingA_Floor2,TypeB
1016,2025-04-08T02:04:18.000Z,33.14,67.15,BuildingA_Floor2,TypeA
1048,2025-04-08T01:06:26.000Z,22.9,34.46,BuildingA_Floor2,TypeA
1087,2025-04-08T00:40:19.000Z,23.13,31.23,BuildingB_Floor2,TypeB
1008,2025-04-09T16:44:41.000Z,20.02,72.32,BuildingB_Floor1,TypeA
1002,2025-04-10T18:00:06.000Z,20.55,72.89,BuildingB_Floor1,TypeB
1079,2025-04-09T06:07:32.000Z,27.87,48.15,BuildingA_Floor2,TypeC
1033,2025-04-10T10:32:41.000Z,26.65,76.71,BuildingA_Floor2,TypeC
1012,2025-04-10T11:04:30.000Z,15.28,58.86,BuildingB_Floor1,TypeC
1055,2025-04-11T16:01:16.000Z,34.7,67.26,BuildingA_Floor1,TypeC
1088,2025-04-10T11:23:00.000Z,20.07,76.05,BuildingB_Floor2,TypeC
1090,2025-04-11T12:40:33.000Z,32.5,69.9,BuildingB_Floor2,TypeA
1025,2025-04-11T09:59:07.000Z,29.1,41.0,BuildingA_Floor2,TypeB
1097,2025-04-10T09:54:44.000Z,26.29,77.0,BuildingA_Floor2,TypeA
1099,2025-04-07T07:25:53.000Z,19.98,60.25,BuildingB_Floor2,TypeC
1018,2025-04-07T19:32:57.000Z,26.15,63.53,BuildingA_Floor1,TypeC
1088,2025-04-08T11:53:58.000Z,16.68,61.92,BuildingB_Floor2,TypeC
1000,2025-04-07T15:15:51.000Z,28.06,52.4,BuildingA_Floor1,TypeA
1022,2025-04-11T14:27:24.000Z,25.52,39.14,BuildingB_Floor1,TypeC
1044,2025-04-08T08:35:14.000Z,17.01,57.63,BuildingA_Floor2,TypeB
1097,2025-04-08T23:36:15.000Z,17.23,52.64,BuildingA_Floor2,TypeB
1068,2025-04-10T10:12:54.000Z,31.54,76.61,BuildingB_Floor1,TypeA
1093,2025-04-07T10:00:02.000Z,20.22,48.67,BuildingA_Floor2,TypeC
1050,2025-04-09T11:27:10.000Z,34.14,40.64,BuildingA_Floor2,TypeB
1056,2025-04-08T04:08:58.000Z,34.86,54.28,BuildingA_Floor2,TypeC
1072,2025-04-09T11:30:26.000Z,16.64,71.62,BuildingA_Floor2,TypeA
1030,2025-04-11T07:03:21.000Z,32.17,38.13,BuildingA_Floor1,TypeA
1098,2025-04-08T00:41:27.000Z,28.13,60.92,BuildingA_Floor1,TypeC
1033,2025-04-08T16:40:31.000Z,19.12,67.72,BuildingB_Floor1,TypeB
1045,2025-04-10T16:55:58.000Z,19.47,56.22,BuildingB_Floor2,TypeA
1037,2025-04-11T03:43:13.000Z,29.32,78.19,BuildingB_Floor2,TypeB
1094,2025-04-08T12:00:02.000Z,22.82,32.75,BuildingB_Floor1,TypeA
1058,2025-04-09T15:43:24.000Z,25.76,54.71,BuildingB_Floor2,TypeB
1089,2025-04-10T01:56:00.000Z,23.6,61.8,BuildingA_Floor1,TypeA
1042,2025-04-10T20:18:34.000Z,26.32,70.39,BuildingB_Floor2,TypeC
1031,2025-04-09T04:11:02.000Z,29.61,76.28,BuildingA_Floor2,TypeA
1009,2025-04-09T03:32:07.000Z,30.53,44.44,BuildingA_Floor1,TypeB
1032,2025-04-07T17:38:16.000Z,22.34,30.33,BuildingB_Floor1,TypeA
1042,2025-04-08T05:51:56.000Z,26.9,31.15,BuildingA_Floor1,TypeC
1057,2025-04-10T16:42:59.000Z,21.32,30.16,BuildingB_Floor2,TypeB
1049,2025-04-09T13:02:34.000Z,25.26,54.82,BuildingB_Floor1,TypeB
1063,2025-04-10T00:24:02.000Z,34.33,45.23,BuildingB_Floor2,TypeC
1059,2025-04-10T15:28:09.000Z,22.7,44.66,BuildingB_Floor2,TypeC
1009,2025-04-09T22:12:02.000Z,18.64,57.52,BuildingB_Floor2,TypeC
1036,2025-04-10T07:58:28.000Z,33.55,39.72,BuildingB_Floor1,TypeB
1027,2025-04-07T08:23:59.000Z,23.33,37.92,BuildingA_Floor1,TypeB
1011,2025-04-07T15:49:47.000Z,34.2,54.43,BuildingB_Floor2,TypeB
1081,2025-04-10T02:11:26.000Z,21.22,37.18,BuildingA_Floor2,TypeA
1100,2025-04-09T20:13:09.000Z,27.23,55.91,BuildingA_Floor2,TypeA
1053,2025-04-11T00:23:29.000Z,28.7,78.45,BuildingA_Floor1,TypeA
1089,2025-04-12T00:42:56.000Z,31.38,61.26,BuildingB_Floor1,TypeB
1050,2025-04-08T09:07:22.000Z,20.73,36.78,BuildingB_Floor1,TypeC
1001,2025-04-10T15:32:27.000Z,20.83,32.12,BuildingB_Floor2,TypeA
1005,2025-04-11T04:17:10.000Z,15.61,30.43,BuildingA_Floor2,TypeB
1066,2025-04-07T14:28:55.000Z,23.76,61.42,BuildingB_Floor1,TypeC
1057,2025-04-07T11:52:54.000Z,23.89,39.82,BuildingB_Floor2,TypeB
1031,2025-04-09T23:42:46.000Z,20.99,67.05,BuildingA_Floor1,TypeB
1009,2025-04-08T13:57:23.000Z,22.06,41.07,BuildingA_Floor1,TypeC
1094,2025-04-09T02:36:09.000Z,23.84,62.04,BuildingB_Floor1,TypeC
1056,2025-04-10T11:11:51.000Z,18.2,39.06,BuildingB_Floor1,TypeA
1054,2025-04-10T11:59:08.000Z,23.98,33.05,BuildingB_Floor1,TypeC
1049,2025-04-09T14:42:14.000Z,27.41,35.54,BuildingA_Floor1,TypeB
1007,2025-04-10T04:51:29.000Z,15.79,35.22,BuildingB_Floor2,TypeC
1015,2025-04-11T22:17:35.000Z,24.52,62.53,BuildingB_Floor2,TypeB
1066,2025-04-10T10:17:39.000Z,25.75,37.79,BuildingA_Floor1,TypeB
1057,2025-04-07T16:12:15.000Z,29.58,67.4,BuildingA_Floor2,TypeC
1012,2025-04-08T21:48:32.000Z,26.05,48.17,BuildingA_Floor1,TypeC
1000,2025-04-09T10:45:15.000Z,27.69,34.98,BuildingA_Floor2,TypeC
1034,2025-04-08T02:15:04.000Z,23.58,72.23,BuildingA_Floor2,TypeB
1089,2025-04-11T01:23:29.000Z,15.57,73.66,BuildingA_Floor1,TypeB
1069,2025-04-09T08:40:18.000Z,21.13,60.49,BuildingA_Floor2,TypeB
1012,2025-04-09T12:55:49.000Z,26.2,61.62,BuildingB_Floor1,TypeA
1086,2025-04-11T07:58:45.000Z,19.77,35.58,BuildingB_Floor2,TypeA
1037,2025-04-11T20:35:41.000Z,16.33,72.68,BuildingB_Floor2,TypeB
1040,2025-04-09T16:42:13.000Z,23.16,68.8,BuildingA_Floor1,TypeB
1075,2025-04-10T06:38:15.000Z,25.17,57.71,BuildingB_Floor2,TypeC
1063,2025-04-07T03:16:44.000Z,23.82,61.83,BuildingB_Floor1,TypeB
1045,2025-04-09T08:10:17.000Z,18.23,45.89,BuildingB_Floor2,TypeC
1003,2025-04-09T13:42:56.000Z,19.22,46.52,BuildingB_Floor1,TypeB
1095,2025-04-11T04:51:21.000Z,19.33,61.89,BuildingB_Floor2,TypeB
1043,2025-04-09T04:52:39.000Z,25.6,31.26,BuildingA_Floor1,TypeB
1074,2025-04-09T07:55:15.000Z,26.99,76.71,BuildingB_Floor1,TypeB
1056,2025-04-10T03:43:22.000Z,29.25,42.5,BuildingB_Floor2,TypeC
1019,2025-04-10T04:51:11.000Z,21.19,59.27,BuildingB_Floor1,TypeA
1099,2025-04-09T15:53:47.000Z,25.15,78.34,BuildingA_Floor2,TypeC
1009,2025-04-08T01:56:09.000Z,28.6,49.63,BuildingB_Floor2,TypeC
1044,2025-04-08T20:30:50.000Z,21.2,68.88,BuildingA_Floor1,TypeC
1079,2025-04-09T04:14:18.000Z,34.19,77.57,BuildingA_Floor2,TypeB
1051,2025-04-11T14:28:31.000Z,23.39,62.27,BuildingB_Floor1,TypeC
1069,2025-04-11T04:23:33.000Z,31.2,49.23,BuildingA_Floor1,TypeA
1053,2025-04-10T21:08:44.000Z,19.94,33.1,BuildingB_Floor1,TypeA
1050,2025-04-08T09:21:11.000Z,15.47,51.84,BuildingA_Floor1,TypeB
1078,2025-04-10T17:39:55.000Z,29.64,37.55,BuildingB_Floor1,TypeA
1027,2025-04-08T16:26:54.000Z,18.57,72.12,BuildingB_Floor1,TypeC
1026,2025-04-10T15:19:32.000Z,26.97,43.11,BuildingB_Floor1,TypeC
1068,2025-04-10T15:12:11.000Z,34.67,52.38,BuildingA_Floor1,TypeC
1096,2025-04-08T08:25:09.000Z,17.71,33.8,BuildingA_Floor1,TypeC
1100,2025-04-07T18:14:11.000Z,33.32,77.72,BuildingB_Floor2,TypeB
1031,2025-04-07T21:20:52.000Z,21.45,57.6,BuildingB_Floor2,TypeC
1020,2025-04-10T09:28:37.000Z,21.65,39.95,BuildingA_Floor1,TypeA
1049,2025-04-07T08:25:41.000Z,15.41,73.91,BuildingB_Floor2,TypeA
1041,2025-04-07T14:52:36.000Z,22.86,40.63,BuildingB_Floor1,TypeC
1045,2025-04-07T13:05:34.000Z,19.22,63.87,BuildingB_Floor2,TypeA
1077,2025-04-08T04:09:40.000Z,24.39,77.28,BuildingB_Floor1,TypeA
1026,2025-04-08T22:44:18.000Z,23.44,59.94,BuildingA_Floor1,TypeC
1035,2025-04-08T19:05:50.000Z,32.68,70.52,BuildingA_Floor1,TypeB
1020,2025-04-11T13:10:47.000Z,18.38,56.62,BuildingA_Floor2,TypeB
1059,2025-04-09T18:45:49.000Z,22.63,61.39,BuildingA_Floor2,TypeC
1035,2025-04-08T23:13:05.000Z,33.05,70.85,BuildingB_Floor1,TypeC
1021,2025-04-10T14:55:50.000Z,23.96,50.09,BuildingB_Floor1,TypeC
1051,2025-04-10T15:29:00.000Z,29.52,76.82,BuildingB_Floor1,TypeA
1080,2025-04-09T21:27:24.000Z,19.4,54.81,BuildingA_Floor2,TypeA
1045,2025-04-12T00:41:12.000Z,25.05,75.25,BuildingA_Floor1,TypeA
1094,2025-04-09T07:09:52.000Z,15.19,47.88,BuildingA_Floor1,TypeA
1050,2025-04-10T07:12:45.000Z,29.88,57.17,BuildingA_Floor2,TypeA
1095,2025-04-07T05:37:57.000Z,33.27,31.45,BuildingA_Floor1,TypeB
1070,2025-04-08T04:49:25.000Z,31.1,76.69,BuildingB_Floor1,TypeB
1061,2025-04-08T22:10:44.000Z,21.59,79.65,BuildingA_Floor2,TypeA
1014,2025-04-07T11:23:14.000Z,17.07,36.61,BuildingA_Floor2,TypeA
1070,2025-04-08T21:02:59.000Z,24.77,57.64,BuildingA_Floor1,TypeA
1047,2025-04-09T02:13:46.000Z,26.13,49.75,BuildingB_Floor2,TypeA
1048,2025-04-11T15:19:08.000Z,33.94,41.47,BuildingA_Floor2,TypeC
1049,2025-04-08T08:43:20.000Z,32.11,36.65,BuildingA_Floor1,TypeA
1048,2025-04-08T02:24:11.000Z,23.04,46.9,BuildingB_Floor2,TypeC
1002,2025-04-09T23:23:33.000Z,30.33,32.23,BuildingB_Floor2,TypeA
1072,2025-04-12T00:32:17.000Z,28.32,39.46,BuildingA_Floor1,TypeA
1075,2025-04-07T23:44:49.000Z,28.97,45.93,BuildingB_Floor2,TypeC
1098,2025-04-09T16:21:58.000Z,26.61,76.05,BuildingB_Floor1,TypeB
1030,2025-04-11T04:03:20.000Z,25.49,39.33,BuildingA_Floor1,TypeA
1070,2025-04-09T15:58:15.000Z,31.6,37.55,BuildingB_Floor2,TypeC
1057,2025-04-08T21:40:39.000Z,22.78,32.23,BuildingA_Floor1,TypeC
1070,2025-04-11T15:56:38.000Z,15.65,57.08,BuildingA_Floor2,TypeB
1036,2025-04-10T21:30:27.000Z,15.39,43.59,BuildingA_Floor1,TypeA
1036,2025-04-10T05:03:16.000Z,23.52,79.18,BuildingA_Floor1,TypeB
1073,2025-04-08T09:25:45.000Z,19.59,57.5,BuildingA_Floor2,TypeC
1084,2025-04-08T14:57:28.000Z,19.53,40.53,BuildingB_Floor1,TypeA
1086,2025-04-07T11:14:24.000Z,21.33,66.77,BuildingA_Floor2,TypeC
1062,2025-04-11T16:11:59.000Z,24.45,59.34,BuildingA_Floor2,TypeA
1045,2025-04-09T23:27:36.000Z,16.42,61.58,BuildingB_Floor1,TypeC
1044,2025-04-09T21:04:35.000Z,27.82,63.09,BuildingB_Floor1,TypeC
1083,2025-04-11T05:07:15.000Z,26.62,51.99,BuildingA_Floor2,TypeC
1070,2025-04-09T05:07:14.000Z,30.57,61.74,BuildingB_Floor1,TypeC
1094,2025-04-10T04:00:40.000Z,18.53,33.44,BuildingA_Floor1,TypeB
1038,2025-04-08T15:10:57.000Z,17.43,57.6,BuildingB_Floor1,TypeB
1040,2025-04-07T05:50:07.000Z,18.91,32.16,BuildingB_Floor1,TypeA
1031,2025-04-08T05:53:57.000Z,26.06,46.99,BuildingA_Floor2,TypeC
1031,2025-04-11T10:31:39.000Z,24.87,36.48,BuildingA_Floor2,TypeA
1096,2025-04-09T02:22:49.000Z,33.54,41.32,BuildingB_Floor2,TypeA
1022,2025-04-09T01:56:11.000Z,20.54,66.62,BuildingA_Floor1,TypeB
1026,2025-04-09T16:50:00.000Z,28.61,56.2,BuildingB_Floor2,TypeC
1001,2025-04-11T21:52:28.000Z,29.52,36.34,BuildingA_Floor1,TypeA
1093,2025-04-09T16:19:14.000Z,26.47,69.07,BuildingA_Floor2,TypeC
1024,2025-04-07T15:21:37.000Z,17.34,35.66,BuildingB_Floor2,TypeC
1083,2025-04-10T19:27:22.000Z,23.26,67.74,BuildingB_Floor2,TypeC
1047,2025-04-12T01:31:02.000Z,16.54,75.35,BuildingA_Floor1,TypeB
1097,2025-04-08T09:04:06.000Z,33.33,32.38,BuildingA_Floor2,TypeB
1016,2025-04-07T21:42:24.000Z,34.2,41.26,BuildingB_Floor1,TypeA
1065,2025-04-07T15:14:28.000Z,30.97,77.09,BuildingB_Floor2,TypeB
1019,2025-04-11T10:17:00.000Z,18.74,32.91,BuildingB_Floor2,TypeA
1093,2025-04-08T02:05:02.000Z,17.35,71.3,BuildingB_Floor1,TypeC
1064,2025-04-09T03:53:40.000Z,23.61,69.2,BuildingB_Floor2,TypeC
1089,2025-04-07T12:32:11.000Z,28.49,70.86,BuildingA_Floor2,TypeA
1001,2025-04-11T13:18:08.000Z,20.2,36.87,BuildingA_Floor1,TypeA
1020,2025-04-09T03:05:20.000Z,34.15,77.98,BuildingB_Floor2,TypeA
1037,2025-04-10T18:22:49.000Z,27.42,32.25,BuildingA_Floor2,TypeA
1056,2025-04-07T18:12:00.000Z,15.46,67.21,BuildingB_Floor1,TypeB
1004,2025-04-07T21:38:16.000Z,15.95,48.78,BuildingB_Floor2,TypeC
1074,2025-04-08T04:37:44.000Z,19.55,66.63,BuildingB_Floor2,TypeA
1086,2025-04-11T03:40:39.000Z,26.02,52.81,BuildingA_Floor1,TypeB
1052,2025-04-09T07:00:18.000Z,32.17,59.4,BuildingA_Floor2,TypeC
1027,2025-04-10T12:07:27.000Z,32.72,46.46,BuildingB_Floor1,TypeC
1014,2025-04-11T03:24:27.000Z,16.16,39.08,BuildingA_Floor2,TypeA
1000,2025-04-10T04:36:28.000Z,16.4,60.7,BuildingA_Floor1,TypeC
1061,2025-04-09T21:27:17.000Z,25.12,77.32,BuildingA_Floor2,TypeB
1066,2025-04-09T00:38:24.000Z,28.81,63.37,BuildingA_Floor1,TypeC
1074,2025-04-09T04:34:17.000Z,26.17,34.15,BuildingA_Floor1,TypeC
1076,2025-04-08T03:02:08.000Z,21.66,77.64,BuildingB_Floor2,TypeC
1086,2025-04-10T12:32:41.000Z,25.82,72.02,BuildingA_Floor2,TypeC
1049,2025-04-07T05:19:47.000Z,15.72,40.81,BuildingA_Floor1,TypeB
1011,2025-04-10T16:38:57.000Z,24.09,57.95,BuildingA_Floor1,TypeC
1087,2025-04-08T01:38:41.000Z,30.29,57.05,BuildingA_Floor2,TypeA
1003,2025-04-08T16:45:34.000Z,29.87,44.66,BuildingA_Floor2,TypeA
1025,2025-04-10T09:38:21.000Z,17.29,71.36,BuildingB_Floor1,TypeA
1075,2025-04-08T07:12:20.000Z,17.26,32.83,BuildingA_Floor2,TypeC
1037,2025-04-11T07:57:49.000Z,23.93,73.3,BuildingA_Floor1,TypeA
1010,2025-04-10T23:42:25.000Z,33.92,46.28,BuildingA_Floor2,TypeA
1059,2025-04-08T17:15:01.000Z,15.7,41.24,BuildingB_Floor1,TypeB
1067,2025-04-11T19:24:09.000Z,29.44,49.38,BuildingB_Floor2,TypeC
1088,2025-04-08T12:12:11.000Z,20.23,58.16,BuildingB_Floor2,TypeC
1013,2025-04-07T11:09:55.000Z,16.6,58.37,BuildingA_Floor1,TypeC
1063,2025-04-07T04:55:55.000Z,15.3,50.56,BuildingA_Floor2,TypeB
1032,2025-04-07T19:25:40.000Z,29.57,72.33,BuildingB_Floor2,TypeC
1025,2025-04-08T04:13:14.000Z,33.14,66.0,BuildingA_Floor1,TypeA
1041,2025-04-07T10:23:36.000Z,28.48,55.27,BuildingB_Floor2,TypeB
1015,2025-04-10T07:00:25.000Z,31.66,60.83,BuildingA_Floor1,TypeA
1030,2025-04-07T23:22:48.000Z,15.1,32.18,BuildingA_Floor1,TypeA
1022,2025-04-09T18:49:27.000Z,26.91,73.51,BuildingB_Floor1,TypeA
1025,2025-04-07T03:32:59.000Z,16.85,59.59,BuildingB_Floor1,TypeC
1083,2025-04-08T07:06:15.000Z,26.4,66.81,BuildingB_Floor2,TypeC
1001,2025-04-08T06:54:25.000Z,17.25,37.23,BuildingA_Floor2,TypeC
1094,2025-04-10T11:07:15.000Z,15.59,30.86,BuildingA_Floor2,TypeA
1000,2025-04-08T13:59:44.000Z,21.77,43.0,BuildingB_Floor2,TypeA
1093,2025-04-10T05:13:02.000Z,25.48,50.84,BuildingA_Floor1,TypeB
1066,2025-04-08T10:52:22.000Z,34.3,42.44,BuildingA_Floor2,TypeC
1059,2025-04-08T20:03:35.000Z,21.82,40.37,BuildingB_Floor2,TypeC
1076,2025-04-07T21:49:49.000Z,29.56,76.9,BuildingA_Floor1,TypeC
1005,2025-04-12T01:35:50.000Z,21.64,73.12,BuildingB_Floor2,TypeB
1029,2025-04-07T11:25:28.000Z,34.72,53.77,BuildingA_Floor1,TypeC
1008,2025-04-09T05:47:58.000Z,18.56,58.94,BuildingB_Floor1,TypeA
1004,2025-04-11T16:59:55.000Z,27.12,72.8,BuildingA_Floor1,TypeB
1023,2025-04-10T08:11:05.000Z,22.86,41.96,BuildingB_Floor1,TypeC
1020,2025-04-08T23:34:47.000Z,24.74,67.1,BuildingB_Floor1,TypeB
1097,2025-04-11T02:25:03.000Z,22.91,66.9,BuildingB_Floor2,TypeB
1073,2025-04-09T02:56:53.000Z,25.94,40.41,BuildingA_Floor2,TypeC
1072,2025-04-07T06:51:24.000Z,30.5,32.82,BuildingA_Floor1,TypeA
1016,2025-04-08T16:09:16.000Z,34.86,70.13,BuildingA_Floor1,TypeA
1020,2025-04-07T04:53:31.000Z,30.69,67.12,BuildingB_Floor1,TypeB
1041,2025-04-07T07:38:39.000Z,34.52,61.66,BuildingA_Floor2,TypeC
1014,2025-04-10T21:47:45.000Z,30.06,73.41,BuildingB_Floor2,TypeA
1022,2025-04-10T05:29:03.000Z,33.88,75.96,BuildingA_Floor1,TypeC
1028,2025-04-10T03:45:08.000Z,25.32,58.84,BuildingB_Floor1,TypeA
1042,2025-04-11T05:11:01.000Z,15.04,32.77,BuildingA_Floor1,TypeA
1098,2025-04-09T07:38:58.000Z,16.45,68.54,BuildingA_Floor2,TypeB
1065,2025-04-09T15:08:37.000Z,31.13,78.29,BuildingB_Floor2,TypeB
1084,2025-04-11T10:58:32.000Z,15.91,57.85,BuildingB_Floor2,TypeA
1014,2025-04-09T04:54:35.000Z,20.64,63.43,BuildingA_Floor1,TypeB
1057,2025-04-10T19:02:18.000Z,20.62,65.24,BuildingB_Floor1,TypeA
1009,2025-04-09T23:45:45.000Z,23.54,32.38,BuildingB_Floor1,TypeC
1066,2025-04-08T22:25:51.000Z,33.78,75.02,BuildingB_Floor1,TypeA
1036,2025-04-08T14:57:40.000Z,34.4,60.45,BuildingB_Floor1,TypeA
1045,2025-04-07T15:04:29.000Z,32.74,48.14,BuildingB_Floor2,TypeB
1045,2025-04-11T04:50:06.000Z,34.35,71.55,BuildingB_Floor1,TypeC
1073,2025-04-09T22:18:23.000Z,22.56,30.91,BuildingA_Floor1,TypeA
1055,2025-04-08T21:59:19.000Z,29.49,56.1,BuildingA_Floor2,TypeB
1010,2025-04-08T18:09:31.000Z,28.19,72.72,BuildingB_Floor2,TypeB
1013,2025-04-10T05:18:34.000Z,27.34,45.87,BuildingA_Floor2,TypeC
1021,2025-04-11T14:47:42.000Z,17.2,67.09,BuildingA_Floor1,TypeC
1098,2025-04-07T20:49:59.000Z,28.96,35.41,BuildingB_Floor2,TypeB
1005,2025-04-08T04:59:35.000Z,30.91,45.91,BuildingB_Floor2,TypeC
1034,2025-04-11T14:05:38.000Z,24.71,73.6,BuildingA_Floor2,TypeC
1009,2025-04-08T04:46:32.000Z,32.8,79.87,BuildingA_Floor1,TypeA
1011,2025-04-11T04:25:10.000Z,20.12,65.98,BuildingA_Floor2,TypeC
1032,2025-04-07T08:50:17.000Z,20.35,68.37,BuildingA_Floor2,TypeA
1083,2025-04-07T05:45:51.000Z,21.37,77.24,BuildingB_Floor2,TypeA
1038,2025-04-09T05:03:25.000Z,22.18,40.05,BuildingA_Floor2,TypeB
1015,2025-04-08T22:48:26.000Z,21.84,31.92,BuildingA_Floor2,TypeB
1037,2025-04-10T04:08:55.000Z,15.89,74.64,BuildingB_Floor1,TypeC
1066,2025-04-11T21:59:17.000Z,15.73,39.13,BuildingB_Floor1,TypeB
1061,2025-04-08T12:52:17.000Z,25.84,76.55,BuildingA_Floor1,TypeB
1041,2025-04-11T11:23:59.000Z,20.26,73.66,BuildingA_Floor1,TypeA
1095,2025-04-11T22:08:34.000Z,21.4,64.54,BuildingB_Floor1,TypeB
1045,2025-04-10T08:22:44.000Z,28.37,78.81,BuildingA_Floor2,TypeA
1084,2025-04-08T20:38:56.000Z,24.48,72.27,BuildingB_Floor1,TypeA
1037,2025-04-10T16:23:37.000Z,26.12,72.84,BuildingB_Floor2,TypeB
1058,2025-04-11T23:15:21.000Z,24.69,37.0,BuildingB_Floor2,TypeA
1097,2025-04-10T08:25:29.000Z,30.46,39.01,BuildingA_Floor1,TypeB
1073,2025-04-09T03:23:08.000Z,20.38,36.78,BuildingB_Floor1,TypeC
1051,2025-04-08T17:40:13.000Z,28.64,52.26,BuildingB_Floor2,TypeA
1074,2025-04-09T18:22:48.000Z,28.84,76.38,BuildingB_Floor1,TypeC
1006,2025-04-09T12:02:09.000Z,32.74,61.54,BuildingB_Floor2,TypeB
1073,2025-04-09T11:28:10.000Z,29.69,79.4,BuildingA_Floor2,TypeC
1073,2025-04-10T13:35:26.000Z,33.37,40.65,BuildingB_Floor2,TypeC
1011,2025-04-10T10:12:47.000Z,19.76,49.74,BuildingB_Floor2,TypeA
1009,2025-04-11T09:18:16.000Z,24.64,50.72,BuildingA_Floor2,TypeB
1016,2025-04-12T00:30:13.000Z,19.37,37.57,BuildingA_Floor2,TypeC
1086,2025-04-07T09:44:21.000Z,15.43,35.2,BuildingA_Floor1,TypeC
1031,2025-04-08T17:38:20.000Z,31.71,31.77,BuildingA_Floor1,TypeA
1042,2025-04-08T14:14:18.000Z,24.12,72.91,BuildingA_Floor1,TypeB
1014,2025-04-09T19:47:45.000Z,22.22,75.91,BuildingB_Floor2,TypeA
1057,2025-04-10T22:05:23.000Z,16.23,43.69,BuildingB_Floor1,TypeC
1010,2025-04-09T18:40:31.000Z,26.1,63.46,BuildingB_Floor2,TypeB
1056,2025-04-08T18:44:58.000Z,22.65,65.95,BuildingB_Floor1,TypeB
1064,2025-04-07T10:43:29.000Z,31.98,49.07,BuildingA_Floor2,TypeA
1057,2025-04-10T19:22:05.000Z,33.18,45.84,BuildingA_Floor2,TypeC
1073,2025-04-08T00:46:45.000Z,23.06,36.75,BuildingA_Floor2,TypeB
1033,2025-04-10T06:32:27.000Z,31.8,40.39,BuildingB_Floor2,TypeB
1009,2025-04-07T11:19:44.000Z,23.68,61.02,BuildingB_Floor1,TypeC
1063,2025-04-08T09:20:39.000Z,31.36,56.8,BuildingB_Floor2,TypeC
1089,2025-04-08T10:53:36.000Z,19.42,75.09,BuildingB_Floor1,TypeB
1000,2025-04-11T21:25:01.000Z,29.5,38.8,BuildingB_Floor1,TypeC
1053,2025-04-09T15:27:39.000Z,23.44,32.08,BuildingB_Floor2,TypeB
1020,2025-04-12T01:38:41.000Z,34.84,72.27,BuildingA_Floor2,TypeB
1063,2025-04-09T00:56:18.000Z,33.44,48.42,BuildingA_Floor1,TypeA
1075,2025-04-09T19:45:24.000Z,16.88,40.85,BuildingA_Floor1,TypeC
1038,2025-04-08T12:08:20.000Z,26.21,69.95,BuildingB_Floor2,TypeB
1064,2025-04-07T19:39:03.000Z,21.26,44.77,BuildingA_Floor1,TypeC
1054,2025-04-11T13:15:46.000Z,24.94,60.51,BuildingA_Floor1,TypeA
1054,2025-04-11T23:24:57.000Z,26.62,66.73,BuildingA_Floor1,TypeA
1009,2025-04-08T14:33:12.000Z,33.99,52.11,BuildingA_Floor2,TypeB
1079,2025-04-10T06:44:25.000Z,15.08,47.66,BuildingA_Floor2,TypeB
1004,2025-04-10T15:17:55.000Z,26.52,47.59,BuildingB_Floor2,TypeA
1084,2025-04-08T13:58:36.000Z,17.36,59.45,BuildingB_Floor2,TypeA
1014,2025-04-11T04:38:24.000Z,34.93,67.35,BuildingB_Floor2,TypeB
1086,2025-04-07T19:07:18.000Z,15.28,41.36,BuildingA_Floor1,TypeC
1053,2025-04-10T17:23:08.000Z,33.77,54.48,BuildingB_Floor2,TypeC
1003,2025-04-10T03:15:28.000Z,30.58,61.83,BuildingB_Floor1,TypeA
1007,2025-04-10T10:01:46.000Z,33.26,67.96,BuildingB_Floor2,TypeA
1075,2025-04-10T03:10:45.000Z,21.3,67.85,BuildingA_Floor1,TypeB
1082,2025-04-07T18:32:54.000Z,25.06,66.12,BuildingB_Floor2,TypeB
1031,2025-04-08T23:20:28.000Z,31.29,42.76,BuildingB_Floor1,TypeB
1085,2025-04-10T18:51:36.000Z,34.76,38.1,BuildingA_Floor1,TypeB
1014,2025-04-10T19:58:13.000Z,21.32,52.12,BuildingB_Floor2,TypeA
1008,2025-04-09T22:05:49.000Z,21.17,55.53,BuildingA_Floor2,TypeC
1090,2025-04-07T04:51:54.000Z,31.28,48.44,BuildingB_Floor1,TypeA
1093,2025-04-11T07:39:33.000Z,25.16,32.74,BuildingB_Floor2,TypeC
1059,2025-04-08T18:04:34.000Z,33.23,37.09,BuildingA_Floor1,TypeC
1072,2025-04-09T14:17:54.000Z,16.34,55.73,BuildingA_Floor2,TypeA
1024,2025-04-11T23:29:24.000Z,25.21,32.01,BuildingA_Floor1,TypeA
1032,2025-04-11T03:20:22.000Z,15.14,54.72,BuildingA_Floor2,TypeA
1073,2025-04-09T15:37:50.000Z,22.5,33.05,BuildingB_Floor1,TypeA
1041,2025-04-09T02:40:54.000Z,27.15,55.1,BuildingA_Floor2,TypeA
1053,2025-04-12T00:40:38.000Z,19.5,77.99,BuildingB_Floor2,TypeA
1049,2025-04-11T09:58:08.000Z,21.34,62.68,BuildingA_Floor2,TypeC
1048,2025-04-07T15:10:34.000Z,31.25,74.31,BuildingB_Floor2,TypeA
1083,2025-04-09T04:37:37.000Z,30.01,61.85,BuildingB_Floor2,TypeC
1098,2025-04-09T21:37:13.000Z,34.04,49.69,BuildingB_Floor2,TypeB
1055,2025-04-09T19:00:51.000Z,27.52,52.86,BuildingA_Floor1,TypeC
1045,2025-04-11T06:43:03.000Z,15.12,49.16,BuildingB_Floor1,TypeA
1022,2025-04-09T15:49:55.000Z,34.59,66.72,BuildingA_Floor2,TypeB
1038,2025-04-10T11:25:54.000Z,22.54,71.36,BuildingB_Floor1,TypeB
1021,2025-04-09T10:25:39.000Z,21.05,47.34,BuildingB_Floor1,TypeA
1010,2025-04-08T18:18:27.000Z,26.68,59.16,BuildingA_Floor2,TypeC
1098,2025-04-07T02:26:24.000Z,31.07,41.29,BuildingA_Floor2,TypeC
1031,2025-04-10T21:39:28.000Z,19.62,44.27,BuildingB_Floor2,TypeA
1078,2025-04-09T22:56:55.000Z,20.4,65.7,BuildingB_Floor1,TypeC
1024,2025-04-08T14:11:19.000Z,27.72,70.36,BuildingA_Floor1,TypeC
1099,2025-04-11T07:40:35.000Z,32.31,52.41,BuildingA_Floor1,TypeC
1067,2025-04-12T00:22:11.000Z,30.12,49.85,BuildingB_Floor2,TypeC
1046,2025-04-09T04:22:03.000Z,15.85,65.25,BuildingB_Floor1,TypeC
1083,2025-04-08T16:31:59.000Z,17.6,79.84,BuildingB_Floor1,TypeC
1073,2025-04-11T11:48:43.000Z,16.91,33.84,BuildingB_Floor2,TypeA
1014,2025-04-08T18:07:50.000Z,31.3,42.24,BuildingA_Floor1,TypeC
1099,2025-04-10T01:03:50.000Z,26.29,50.38,BuildingA_Floor1,TypeA
1097,2025-04-07T04:24:00.000Z,15.97,40.69,BuildingA_Floor2,TypeC
1024,2025-04-10T09:57:54.000Z,22.83,52.07,BuildingA_Floor2,TypeB
1001,2025-04-07T22:47:23.000Z,16.19,60.02,BuildingA_Floor1,TypeC
1006,2025-04-09T20:32:41.000Z,27.46,68.29,BuildingA_Floor1,TypeC
1096,2025-04-09T06:25:58.000Z,28.57,70.45,BuildingA_Floor2,TypeA
1063,2025-04-08T08:30:17.000Z,25.09,73.32,BuildingA_Floor2,TypeB
1012,2025-04-07T23:10:25.000Z,32.82,38.24,BuildingA_Floor2,TypeA
1020,2025-04-10T21:34:08.000Z,24.06,33.69,BuildingB_Floor1,TypeC
1009,2025-04-07T15:30:15.000Z,34.29,33.23,BuildingA_Floor2,TypeC
1038,2025-04-10T10:55:48.000Z,18.43,68.72,BuildingB_Floor2,TypeA
1055,2025-04-07T12:27:12.000Z,31.12,42.22,BuildingB_Floor1,TypeB
1079,2025-04-11T09:00:19.000Z,20.99,47.37,BuildingA_Floor2,TypeB
1062,2025-04-08T00:21:55.000Z,16.73,53.07,BuildingA_Floor2,TypeA
1037,2025-04-08T01:26:36.000Z,15.24,45.92,BuildingA_Floor2,TypeB
1087,2025-04-07T17:54:21.000Z,31.97,48.72,BuildingB_Floor2,TypeA
1074,2025-04-09T04:18:51.000Z,15.17,62.23,BuildingA_Floor1,TypeC
1080,2025-04-09T14:45:12.000Z,23.19,74.39,BuildingA_Floor1,TypeB
1044,2025-04-08T15:39:31.000Z,16.93,46.84,BuildingB_Floor2,TypeC
1021,2025-04-10T02:58:21.000Z,19.98,78.88,BuildingB_Floor1,TypeB
1099,2025-04-08T13:23:47.000Z,15.29,34.81,BuildingA_Floor1,TypeA
1019,2025-04-07T07:58:57.000Z,28.2,47.11,BuildingB_Floor1,TypeC
1084,2025-04-08T03:58:15.000Z,16.89,60.2,BuildingA_Floor2,TypeC
1042,2025-04-11T18:01:53.000Z,22.8,53.61,BuildingA_Floor2,TypeC
1043,2025-04-07T05:52:04.000Z,15.05,45.56,BuildingB_Floor2,TypeB
1063,2025-04-11T17:06:51.000Z,17.76,61.04,BuildingA_Floor1,TypeA
1043,2025-04-09T11:08:21.000Z,25.08,66.21,BuildingB_Floor2,TypeC
1058,2025-04-11T23:30:20.000Z,15.19,46.95,BuildingB_Floor2,TypeC
1076,2025-04-11T07:35:50.000Z,29.87,55.4,BuildingA_Floor1,TypeB
1032,2025-04-11T09:57:05.000Z,15.58,62.02,BuildingB_Floor2,TypeB
1043,2025-04-11T01:17:53.000Z,15.52,78.56,BuildingA_Floor2,TypeA
1004,2025-04-07T11:17:38.000Z,30.13,39.55,BuildingB_Floor1,TypeB
1063,2025-04-11T20:04:00.000Z,28.72,71.98,BuildingA_Floor1,TypeB
1088,2025-04-10T14:23:36.000Z,15.4,71.83,BuildingA_Floor2,TypeA
1014,2025-04-10T21:42:11.000Z,15.02,67.37,BuildingB_Floor2,TypeA
1059,2025-04-08T10:18:47.000Z,21.37,34.16,BuildingA_Floor1,TypeB
1029,2025-04-08T17:41:41.000Z,27.14,55.51,BuildingB_Floor1,TypeA
1077,2025-04-07T07:29:49.000Z,29.86,44.43,BuildingA_Floor2,TypeA
1069,2025-04-10T16:32:29.000Z,21.6,60.63,BuildingB_Floor1,TypeB
1051,2025-04-09T07:56:13.000Z,25.66,69.35,BuildingB_Floor1,TypeC
1024,2025-04-08T23:37:07.000Z,15.0,68.15,BuildingA_Floor1,TypeC
1051,2025-04-11T21:48:17.000Z,28.66,39.36,BuildingB_Floor2,TypeB
1025,2025-04-07T02:19:35.000Z,29.66,72.0,BuildingB_Floor1,TypeA
1017,2025-04-09T20:05:24.000Z,24.07,73.14,BuildingB_Floor2,TypeA
1079,2025-04-07T07:05:10.000Z,28.19,70.04,BuildingB_Floor2,TypeB
1003,2025-04-11T19:13:52.000Z,31.53,30.62,BuildingB_Floor1,TypeC
1011,2025-04-09T01:36:51.000Z,27.25,77.57,BuildingB_Floor1,TypeC
1023,2025-04-07T08:43:19.000Z,15.22,65.93,BuildingA_Floor2,TypeC
1056,2025-04-10T05:35:34.000Z,20.61,54.87,BuildingA_Floor1,TypeB
1060,2025-04-07T09:25:59.000Z,35.0,60.87,BuildingB_Floor2,TypeA
1048,2025-04-07T17:59:01.000Z,34.45,77.76,BuildingA_Floor2,TypeB
1031,2025-04-10T17:11:43.000Z,18.84,30.95,BuildingB_Floor1,TypeB
1022,2025-04-08T05:08:47.000Z,29.1,62.35,BuildingA_Floor1,TypeA
1051,2025-04-10T10:52:43.000Z,30.58,76.05,BuildingB_Floor2,TypeB
1007,2025-04-08T19:57:49.000Z,31.81,58.51,BuildingA_Floor2,TypeC
1056,2025-04-07T20:54:36.000Z,16.23,47.04,BuildingB_Floor2,TypeA
1013,2025-04-08T15:11:49.000Z,16.7,57.69,BuildingB_Floor1,TypeB
1051,2025-04-08T07:31:39.000Z,20.01,31.23,BuildingA_Floor2,TypeA
1086,2025-04-12T00:35:03.000Z,33.13,65.36,BuildingA_Floor1,TypeB
1041,2025-04-07T15:55:43.000Z,23.07,49.34,BuildingA_Floor2,TypeB
1000,2025-04-10T17:56:03.000Z,25.88,43.47,BuildingA_Floor2,TypeA
1063,2025-04-10T08:40:29.000Z,16.62,50.9,BuildingA_Floor1,TypeC
1073,2025-04-11T10:26:57.000Z,29.69,75.92,BuildingA_Floor2,TypeB
1097,2025-04-08T08:57:05.000Z,30.99,55.64,BuildingB_Floor1,TypeB
1082,2025-04-07T23:07:55.000Z,24.35,36.98,BuildingB_Floor1,TypeB
1098,2025-04-10T01:13:24.000Z,30.49,43.47,BuildingB_Floor2,TypeA
1040,2025-04-09T08:54:05.000Z,34.28,48.98,BuildingA_Floor1,TypeB
1062,2025-04-08T11:31:05.000Z,25.68,40.82,BuildingB_Floor2,TypeC
1077,2025-04-09T16:18:03.000Z,28.71,70.84,BuildingA_Floor2,TypeB
1078,2025-04-10T09:52:47.000Z,32.91,57.49,BuildingA_Floor1,TypeA
1005,2025-04-07T22:42:25.000Z,29.7,66.05,BuildingA_Floor1,TypeA
1059,2025-04-10T21:07:40.000Z,25.65,39.01,BuildingB_Floor2,TypeC
1039,2025-04-11T08:19:28.000Z,27.28,59.93,BuildingB_Floor2,TypeC
1062,2025-04-12T01:09:54.000Z,17.72,61.84,BuildingB_Floor1,TypeB
1020,2025-04-09T11:52:03.000Z,34.02,54.98,BuildingA_Floor2,TypeC
1087,2025-04-07T03:19:50.000Z,25.4,48.11,BuildingA_Floor1,TypeC
1041,2025-04-08T15:35:21.000Z,28.85,60.45,BuildingA_Floor1,TypeC
1077,2025-04-11T11:24:30.000Z,24.93,55.96,BuildingB_Floor2,TypeA
1005,2025-04-08T06:17:39.000Z,18.0,63.84,BuildingB_Floor1,TypeC
1064,2025-04-07T21:43:24.000Z,15.06,31.67,BuildingA_Floor2,TypeC
1062,2025-04-08T04:45:52.000Z,18.85,47.58,BuildingB_Floor2,TypeA
1006,2025-04-10T11:24:56.000Z,26.41,68.7,BuildingB_Floor1,TypeA
1075,2025-04-08T15:22:45.000Z,28.55,52.48,BuildingA_Floor2,TypeA
1022,2025-04-09T21:13:50.000Z,22.07,73.61,BuildingA_Floor2,TypeB
1065,2025-04-10T16:34:27.000Z,34.81,72.95,BuildingB_Floor2,TypeA
1094,2025-04-07T03:01:05.000Z,33.58,63.89,BuildingA_Floor2,TypeC
1024,2025-04-10T03:20:10.000Z,20.19,77.83,BuildingB_Floor1,TypeB
1072,2025-04-10T17:25:03.000Z,29.53,54.1,BuildingB_Floor2,TypeA
1004,2025-04-07T13:20:43.000Z,27.6,40.9,BuildingA_Floor2,TypeB
1055,2025-04-11T03:07:59.000Z,20.48,54.41,BuildingB_Floor1,TypeA
1059,2025-04-11T10:01:12.000Z,33.18,57.71,BuildingA_Floor2,TypeC
1025,2025-04-07T23:58:50.000Z,33.22,53.99,BuildingA_Floor1,TypeA
1039,2025-04-08T07:58:20.000Z,26.08,35.57,BuildingA_Floor2,TypeB
1032,2025-04-07T21:58:23.000Z,25.52,76.39,BuildingA_Floor1,TypeB
1054,2025-04-08T01:56:03.000Z,23.7,62.06,BuildingA_Floor2,TypeA
1059,2025-04-07T19:25:26.000Z,34.55,47.7,BuildingA_Floor2,TypeA
1043,2025-04-11T15:49:52.000Z,30.36,53.86,BuildingB_Floor1,TypeB
1097,2025-04-10T08:36:15.000Z,18.9,30.02,BuildingA_Floor1,TypeA
1035,2025-04-11T03:03:49.000Z,27.93,41.6,BuildingB_Floor1,TypeA
1080,2025-04-09T18:50:31.000Z,33.77,46.73,BuildingB_Floor2,TypeA
1094,2025-04-11T06:36:43.000Z,18.05,55.14,BuildingB_Floor2,TypeA
1071,2025-04-10T10:59:21.000Z,26.71,46.61,BuildingA_Floor2,TypeC
1086,2025-04-09T12:22:15.000Z,16.79,76.13,BuildingA_Floor2,TypeC
1041,2025-04-08T19:44:55.000Z,31.07,60.57,BuildingA_Floor2,TypeA
1068,2025-04-08T07:58:23.000Z,23.57,40.91,BuildingB_Floor1,TypeB
1095,2025-04-07T06:49:37.000Z,16.54,32.8,BuildingB_Floor1,TypeC
1032,2025-04-11T03:17:06.000Z,22.55,61.48,BuildingB_Floor2,TypeC
1099,2025-04-10T05:09:17.000Z,26.1,74.67,BuildingA_Floor1,TypeA
1003,2025-04-08T05:16:25.000Z,29.04,78.15,BuildingB_Floor2,TypeB
1085,2025-04-09T16:17:11.000Z,27.33,64.84,BuildingA_Floor2,TypeB
1016,2025-04-10T13:09:01.000Z,19.21,30.9,BuildingA_Floor1,TypeA
1068,2025-04-09T21:15:34.000Z,32.21,64.76,BuildingB_Floor2,TypeB
1050,2025-04-08T16:17:46.000Z,28.8,71.21,BuildingB_Floor2,TypeB
1064,2025-04-07T11:28:40.000Z,31.41,44.48,BuildingB_Floor1,TypeB
1003,2025-04-10T14:54:06.000Z,29.07,34.37,BuildingB_Floor2,TypeA
1042,2025-04-10T11:43:59.000Z,23.21,41.19,BuildingA_Floor1,TypeA
1057,2025-04-08T11:37:24.000Z,34.86,39.19,BuildingB_Floor2,TypeB
1098,2025-04-09T23:26:21.000Z,33.27,33.6,BuildingA_Floor2,TypeB
1099,2025-04-09T03:05:51.000Z,30.26,65.24,BuildingA_Floor2,TypeB
1009,2025-04-09T08:30:35.000Z,24.08,30.56,BuildingA_Floor1,TypeA
1090,2025-04-10T22:39:43.000Z,20.15,40.94,BuildingA_Floor1,TypeC
1063,2025-04-09T11:46:12.000Z,33.81,36.06,BuildingB_Floor2,TypeC
1043,2025-04-08T11:41:04.000Z,26.52,39.03,BuildingA_Floor1,TypeC
1045,2025-04-10T18:49:21.000Z,21.02,46.11,BuildingA_Floor1,TypeA
1042,2025-04-11T04:48:04.000Z,15.32,46.37,BuildingA_Floor1,TypeC
1088,2025-04-09T18:32:56.000Z,29.85,69.91,BuildingB_Floor1,TypeC
1033,2025-04-11T18:32:06.000Z,18.34,40.25,BuildingB_Floor2,TypeC
1015,2025-04-09T09:43:00.000Z,27.49,63.78,BuildingA_Floor2,TypeB
1023,2025-04-07T21:55:51.000Z,21.94,50.86,BuildingB_Floor1,TypeA
1040,2025-04-10T10:07:03.000Z,19.47,48.78,BuildingA_Floor1,TypeA
1055,2025-04-11T17:37:41.000Z,22.97,56.92,BuildingB_Floor2,TypeB
1098,2025-04-08T06:58:42.000Z,34.69,51.64,BuildingB_Floor2,TypeB
1013,2025-04-07T16:02:38.000Z,18.08,59.56,BuildingA_Floor1,TypeA
1091,2025-04-07T13:33:54.000Z,34.49,47.11,BuildingA_Floor1,TypeA
1069,2025-04-10T17:42:52.000Z,26.53,41.83,BuildingA_Floor2,TypeB
1072,2025-04-11T20:13:44.000Z,21.86,45.34,BuildingB_Floor2,TypeB
1075,2025-04-09T02:43:55.000Z,22.11,67.44,BuildingB_Floor1,TypeC
1055,2025-04-09T21:34:35.000Z,18.98,49.23,BuildingA_Floor2,TypeA
1065,2025-04-09T00:30:13.000Z,34.41,61.44,BuildingB_Floor2,TypeC
1074,2025-04-09T06:56:34.000Z,15.59,55.79,BuildingB_Floor1,TypeA
1001,2025-04-09T00:47:17.000Z,21.85,68.11,BuildingA_Floor1,TypeB
1025,2025-04-11T10:33:27.000Z,24.45,41.55,BuildingB_Floor2,TypeA
1064,2025-04-09T19:52:31.000Z,31.94,46.09,BuildingA_Floor2,TypeA
1047,2025-04-11T12:37:07.000Z,15.49,55.85,BuildingB_Floor2,TypeA
1088,2025-04-11T16:49:08.000Z,21.98,49.02,BuildingB_Floor1,TypeB
1068,2025-04-09T06:56:25.000Z,18.81,50.96,BuildingB_Floor2,TypeC
1085,2025-04-09T22:45:52.000Z,24.0,51.53,BuildingB_Floor2,TypeB
1006,2025-04-07T05:27:55.000Z,24.35,33.49,BuildingB_Floor2,TypeA
1049,2025-04-08T00:01:16.000Z,31.75,78.28,BuildingB_Floor2,TypeB
1071,2025-04-07T12:30:54.000Z,16.93,34.46,BuildingA_Floor1,TypeA
1097,2025-04-09T13:43:03.000Z,31.12,74.95,BuildingA_Floor1,TypeA
1070,2025-04-07T03:14:59.000Z,25.5,77.44,BuildingB_Floor1,TypeA
1039,2025-04-09T04:33:33.000Z,22.07,70.51,BuildingB_Floor1,TypeB
1074,2025-04-11T12:04:15.000Z,18.12,51.01,BuildingA_Floor2,TypeC
1086,2025-04-10T21:10:41.000Z,28.65,51.35,BuildingB_Floor2,TypeA
1065,2025-04-11T07:46:12.000Z,15.77,47.85,BuildingA_Floor2,TypeB
1011,2025-04-10T03:42:00.000Z,28.98,70.88,BuildingA_Floor2,TypeC
1084,2025-04-07T06:20:34.000Z,32.41,79.73,BuildingA_Floor2,TypeC
1061,2025-04-10T21:21:38.000Z,31.71,64.28,BuildingB_Floor1,TypeC
1047,2025-04-07T07:36:55.000Z,22.39,37.13,BuildingB_Floor1,TypeA
1040,2025-04-08T01:53:16.000Z,33.26,36.25,BuildingB_Floor1,TypeA
1077,2025-04-07T03:13:20.000Z,22.1,62.18,BuildingB_Floor1,TypeA
1065,2025-04-07T23:56:05.000Z,22.01,43.09,BuildingA_Floor1,TypeC
1001,2025-04-11T14:29:47.000Z,16.88,76.51,BuildingB_Floor2,TypeC
1012,2025-04-12T01:05:48.000Z,18.16,50.75,BuildingA_Floor2,TypeA
1084,2025-04-10T02:22:51.000Z,25.81,34.76,BuildingA_Floor1,TypeB
1065,2025-04-10T11:40:56.000Z,23.76,74.75,BuildingA_Floor2,TypeA
1039,2025-04-08T01:08:14.000Z,15.95,38.56,BuildingB_Floor1,TypeA
1001,2025-04-07T04:52:37.000Z,28.72,78.95,BuildingB_Floor2,TypeA
1056,2025-04-11T23:08:43.000Z,28.58,76.46,BuildingA_Floor2,TypeA
1059,2025-04-07T20:30:52.000Z,32.84,79.16,BuildingA_Floor2,TypeA
1045,2025-04-09T19:41:10.000Z,29.11,52.43,BuildingB_Floor1,TypeC
1098,2025-04-08T00:53:49.000Z,23.48,76.4,BuildingB_Floor1,TypeB
1049,2025-04-09T06:00:18.000Z,30.59,78.32,BuildingB_Floor2,TypeB
1082,2025-04-08T02:47:19.000Z,32.57,65.3,BuildingA_Floor1,TypeB
1092,2025-04-09T07:47:24.000Z,15.35,34.89,BuildingB_Floor1,TypeB
1076,2025-04-10T08:55:40.000Z,27.79,68.84,BuildingA_Floor1,TypeA
1039,2025-04-07T10:46:02.000Z,25.78,55.11,BuildingB_Floor2,TypeA
1086,2025-04-07T07:21:26.000Z,26.66,40.45,BuildingA_Floor1,TypeA
1013,2025-04-10T06:29:49.000Z,31.72,58.08,BuildingA_Floor1,TypeC
1038,2025-04-11T03:50:19.000Z,29.55,48.12,BuildingB_Floor1,TypeB
1023,2025-04-07T18:50:02.000Z,15.8,56.99,BuildingA_Floor2,TypeA
1008,2025-04-07T12:57:53.000Z,32.83,60.15,BuildingB_Floor2,TypeC
1053,2025-04-09T20:41:07.000Z,25.13,65.78,BuildingB_Floor2,TypeA
1059,2025-04-08T21:18:47.000Z,31.68,78.35,BuildingA_Floor2,TypeA
1045,2025-04-10T12:26:53.000Z,33.26,36.39,BuildingB_Floor2,TypeC
1082,2025-04-07T21:15:05.000Z,16.68,60.89,BuildingA_Floor2,TypeC
1082,2025-04-10T16:19:54.000Z,32.09,69.77,BuildingB_Floor2,TypeA
1093,2025-04-09T02:03:39.000Z,33.43,50.42,BuildingB_Floor1,TypeC
1058,2025-04-08T20:00:21.000Z,24.99,48.46,BuildingB_Floor2,TypeB
1085,2025-04-11T07:06:50.000Z,17.62,33.88,BuildingB_Floor1,TypeA
1047,2025-04-10T09:59:54.000Z,29.06,52.28,BuildingB_Floor2,TypeA
1030,2025-04-08T08:56:55.000Z,32.22,57.22,BuildingA_Floor1,TypeC
1006,2025-04-09T09:38:48.000Z,22.88,71.15,BuildingA_Floor2,TypeB
1026,2025-04-10T16:04:41.000Z,24.03,34.27,BuildingA_Floor2,TypeA
1065,2025-04-11T11:32:52.000Z,17.86,52.76,BuildingB_Floor2,TypeB
1039,2025-04-07T17:34:50.000Z,34.71,53.84,BuildingA_Floor1,TypeA
1041,2025-04-09T15:01:31.000Z,25.2,49.21,BuildingA_Floor1,TypeB
1071,2025-04-07T11:02:12.000Z,27.65,60.17,BuildingB_Floor2,TypeA
1091,2025-04-08T06:42:15.000Z,32.75,56.07,BuildingA_Floor2,TypeC
1086,2025-04-07T07:55:11.000Z,19.04,52.58,BuildingB_Floor1,TypeC
1072,2025-04-07T11:16:24.000Z,19.84,53.88,BuildingA_Floor1,TypeB
1036,2025-04-07T10:06:00.000Z,30.67,46.1,BuildingB_Floor1,TypeB
1086,2025-04-10T16:36:38.000Z,34.68,53.4,BuildingA_Floor2,TypeB
1097,2025-04-09T11:06:43.000Z,32.56,70.82,BuildingA_Floor1,TypeC
1047,2025-04-08T05:09:09.000Z,16.33,30.45,BuildingA_Floor2,TypeA
1012,2025-04-07T03:06:36.000Z,21.87,63.05,BuildingA_Floor2,TypeB
1019,2025-04-08T07:06:47.000Z,32.69,38.84,BuildingA_Floor2,TypeB
1002,2025-04-11T15:59:17.000Z,22.11,57.9,BuildingA_Floor2,TypeC
1055,2025-04-10T08:23:50.000Z,30.39,77.4,BuildingA_Floor2,TypeC
1065,2025-04-09T13:17:46.000Z,26.47,74.23,BuildingB_Floor2,TypeC
1074,2025-04-07T14:51:46.000Z,35.0,52.66,BuildingB_Floor1,TypeA
1006,2025-04-10T05:50:20.000Z,31.15,45.45,BuildingA_Floor1,TypeC
1004,2025-04-09T09:44:53.000Z,27.55,77.65,BuildingA_Floor2,TypeA
1010,2025-04-08T06:28:39.000Z,25.95,54.06,BuildingB_Floor2,TypeC
1095,2025-04-11T23:31:08.000Z,23.89,46.35,BuildingB_Floor1,TypeB
1011,2025-04-08T03:52:55.000Z,20.01,56.87,BuildingB_Floor2,TypeB
1084,2025-04-08T16:34:09.000Z,24.51,62.94,BuildingA_Floor2,TypeB
1003,2025-04-11T19:18:56.000Z,27.47,74.12,BuildingA_Floor2,TypeC
1075,2025-04-10T01:49:04.000Z,20.45,68.95,BuildingA_Floor2,TypeA
1021,2025-04-12T01:23:52.000Z,23.85,36.25,BuildingB_Floor2,TypeB
1068,2025-04-11T04:41:28.000Z,19.32,57.81,BuildingB_Floor2,TypeC
1084,2025-04-07T20:31:48.000Z,15.53,31.7,BuildingA_Floor1,TypeB
1058,2025-04-08T00:37:52.000Z,32.97,60.28,BuildingB_Floor2,TypeB
1023,2025-04-09T16:35:30.000Z,25.66,34.12,BuildingA_Floor1,TypeC
1036,2025-04-07T04:45:16.000Z,17.85,33.26,BuildingB_Floor2,TypeC
1038,2025-04-10T09:17:15.000Z,28.97,30.38,BuildingB_Floor2,TypeB
1071,2025-04-11T00:59:44.000Z,23.53,43.47,BuildingA_Floor2,TypeB
1034,2025-04-09T13:48:28.000Z,15.33,41.27,BuildingA_Floor1,TypeC
1091,2025-04-07T11:38:12.000Z,29.71,40.86,BuildingA_Floor2,TypeB
1029,2025-04-07T23:19:37.000Z,25.1,49.84,BuildingA_Floor2,TypeB
1009,2025-04-09T17:54:46.000Z,30.3,57.87,BuildingB_Floor2,TypeB
1089,2025-04-10T17:59:40.000Z,29.07,67.81,BuildingB_Floor1,TypeA
1051,2025-04-10T23:13:19.000Z,24.1,51.65,BuildingA_Floor2,TypeC
1015,2025-04-09T12:30:41.000Z,33.23,51.58,BuildingB_Floor2,TypeC
1041,2025-04-08T21:10:47.000Z,15.69,78.98,BuildingB_Floor1,TypeA
1074,2025-04-07T13:00:27.000Z,28.85,74.68,BuildingA_Floor1,TypeA
1083,2025-04-09T12:03:39.000Z,19.02,32.2,BuildingA_Floor1,TypeA
1058,2025-04-10T21:02:55.000Z,21.57,77.1,BuildingB_Floor1,TypeA
1058,2025-04-07T08:12:59.000Z,18.89,32.38,BuildingB_Floor1,TypeC
1057,2025-04-07T11:11:12.000Z,33.46,69.75,BuildingB_Floor2,TypeA
1069,2025-04-07T12:29:20.000Z,27.66,66.89,BuildingA_Floor1,TypeA
1044,2025-04-09T15:23:34.000Z,24.07,40.31,BuildingB_Floor2,TypeB
1057,2025-04-08T05:49:49.000Z,19.98,42.1,BuildingA_Floor2,TypeB
1021,2025-04-11T05:21:01.000Z,17.1,40.65,BuildingB_Floor2,TypeB
1014,2025-04-12T02:03:44.000Z,15.45,70.86,BuildingB_Floor1,TypeA
1043,2025-04-11T19:53:06.000Z,23.1,45.64,BuildingA_Floor2,TypeA
1095,2025-04-11T04:24:32.000Z,20.16,55.53,BuildingB_Floor2,TypeB
1065,2025-04-11T04:04:21.000Z,20.31,68.37,BuildingB_Floor1,TypeB
1070,2025-04-10T14:17:48.000Z,26.95,79.25,BuildingA_Floor1,TypeC
1018,2025-04-08T00:16:00.000Z,28.86,32.02,BuildingB_Floor2,TypeB
1046,2025-04-09T07:40:44.000Z,26.88,51.4,BuildingB_Floor1,TypeB
1047,2025-04-08T18:53:18.000Z,22.16,67.26,BuildingB_Floor1,TypeA
1019,2025-04-09T23:08:17.000Z,17.75,70.87,BuildingA_Floor2,TypeB
1097,2025-04-10T22:47:55.000Z,25.06,74.49,BuildingB_Floor2,TypeC
1034,2025-04-08T17:27:20.000Z,29.38,73.83,BuildingA_Floor1,TypeA
1010,2025-04-11T15:18:34.000Z,18.47,40.92,BuildingA_Floor2,TypeA
1061,2025-04-08T00:31:35.000Z,30.74,36.34,BuildingA_Floor1,TypeC
1052,2025-04-10T10:27:23.000Z,29.98,54.15,BuildingA_Floor2,TypeA
1039,2025-04-12T01:35:41.000Z,33.16,34.35,BuildingB_Floor2,TypeA
1032,2025-04-11T17:38:34.000Z,34.65,65.3,BuildingA_Floor1,TypeA
1074,2025-04-11T08:36:08.000Z,26.94,58.27,BuildingB_Floor2,TypeB
1078,2025-04-10T23:42:20.000Z,22.34,46.72,BuildingB_Floor2,TypeB
1051,2025-04-10T23:19:27.000Z,33.56,36.8,BuildingB_Floor2,TypeB
1078,2025-04-10T04:30:39.000Z,15.77,62.68,BuildingA_Floor1,TypeB
1084,2025-04-10T05:42:29.000Z,34.69,36.15,BuildingA_Floor1,TypeB
1068,2025-04-08T04:53:16.000Z,28.79,66.41,BuildingA_Floor2,TypeB
1060,2025-04-10T23:56:21.000Z,24.25,35.91,BuildingB_Floor1,TypeC
1018,2025-04-11T00:08:28.000Z,16.07,34.8,BuildingA_Floor1,TypeC
1076,2025-04-10T16:08:29.000Z,26.78,52.54,BuildingB_Floor1,TypeB
1016,2025-04-07T15:47:14.000Z,28.1,61.24,BuildingB_Floor1,TypeA
1050,2025-04-11T18:26:22.000Z,19.25,51.48,BuildingB_Floor1,TypeA
1005,2025-04-10T10:06:11.000Z,24.92,46.83,BuildingA_Floor2,TypeC
1036,2025-04-09T23:09:41.000Z,23.58,48.6,BuildingA_Floor1,TypeC
1032,2025-04-11T07:08:19.000Z,33.1,40.62,BuildingA_Floor1,TypeC
1079,2025-04-10T05:03:54.000Z,17.79,32.57,BuildingB_Floor2,TypeB
1027,2025-04-10T03:52:08.000Z,18.13,78.44,BuildingB_Floor1,TypeC
1074,2025-04-09T12:46:10.000Z,28.43,54.53,BuildingB_Floor1,TypeC
1043,2025-04-10T07:29:51.000Z,22.76,52.17,BuildingB_Floor1,TypeB
1081,2025-04-07T07:16:06.000Z,15.57,42.75,BuildingA_Floor1,TypeC
1000,2025-04-09T03:59:58.000Z,32.16,43.78,BuildingB_Floor2,TypeC
1044,2025-04-08T18:40:19.000Z,19.78,63.62,BuildingA_Floor1,TypeA
1091,2025-04-11T14:10:51.000Z,30.96,41.86,BuildingA_Floor1,TypeC
1098,2025-04-08T16:24:27.000Z,16.24,33.91,BuildingA_Floor2,TypeA
1024,2025-04-10T13:22:56.000Z,29.76,75.06,BuildingB_Floor2,TypeB
1012,2025-04-10T11:29:09.000Z,25.09,38.81,BuildingA_Floor1,TypeB
1020,2025-04-08T19:56:55.000Z,16.33,51.26,BuildingB_Floor2,TypeA
1083,2025-04-08T13:32:26.000Z,28.04,35.04,BuildingA_Floor2,TypeA
1067,2025-04-11T03:56:26.000Z,26.83,73.18,BuildingA_Floor2,TypeB
1032,2025-04-10T22:39:18.000Z,34.84,58.48,BuildingA_Floor1,TypeB
1029,2025-04-11T00:07:12.000Z,16.98,50.8,BuildingB_Floor1,TypeC
1097,2025-04-09T21:31:46.000Z,28.53,58.3,BuildingA_Floor2,TypeA
1024,2025-04-10T10:47:14.000Z,21.25,37.17,BuildingB_Floor2,TypeC
1094,2025-04-09T14:57:35.000Z,31.19,77.54,BuildingB_Floor2,TypeB
1034,2025-04-11T13:50:03.000Z,33.53,54.05,BuildingB_Floor2,TypeB
1061,2025-04-08T11:10:20.000Z,29.15,66.98,BuildingB_Floor2,TypeB
1080,2025-04-10T02:45:12.000Z,32.01,44.1,BuildingB_Floor1,TypeA
1098,2025-04-11T12:33:25.000Z,17.2,34.25,BuildingA_Floor1,TypeA
1097,2025-04-08T15:12:57.000Z,29.52,41.99,BuildingA_Floor1,TypeC
1005,2025-04-10T05:44:32.000Z,24.63,43.61,BuildingA_Floor2,TypeA
1012,2025-04-07T19:47:10.000Z,22.43,47.08,BuildingB_Floor2,TypeC
1090,2025-04-10T17:32:42.000Z,30.19,45.33,BuildingA_Floor2,TypeA
1096,2025-04-07T23:17:23.000Z,20.47,76.12,BuildingA_Floor1,TypeA
1025,2025-04-11T16:07:41.000Z,34.03,60.11,BuildingA_Floor1,TypeC
1028,2025-04-10T20:03:41.000Z,22.47,39.8,BuildingB_Floor2,TypeB
1080,2025-04-07T14:42:16.000Z,22.0,71.33,BuildingA_Floor2,TypeC
1043,2025-04-09T16:15:23.000Z,22.85,37.13,BuildingB_Floor1,TypeC
1062,2025-04-07T20:56:11.000Z,24.63,45.12,BuildingA_Floor2,TypeB
1041,2025-04-07T13:08:49.000Z,20.48,60.46,BuildingA_Floor2,TypeB
1068,2025-04-07T03:25:12.000Z,27.28,63.88,BuildingA_Floor1,TypeA
1016,2025-04-07T22:56:51.000Z,29.74,35.63,BuildingB_Floor2,TypeC
1019,2025-04-08T00:56:27.000Z,31.29,79.48,BuildingA_Floor2,TypeA
1010,2025-04-11T00:56:23.000Z,17.57,42.47,BuildingA_Floor1,TypeC
1021,2025-04-08T18:50:13.000Z,33.34,79.9,BuildingB_Floor2,TypeA
1045,2025-04-07T13:26:12.000Z,30.7,70.39,BuildingA_Floor2,TypeB
1050,2025-04-08T09:53:25.000Z,26.03,36.85,BuildingB_Floor1,TypeA
1064,2025-04-10T09:13:08.000Z,16.63,61.56,BuildingA_Floor1,TypeA
1042,2025-04-10T18:32:14.000Z,32.67,71.05,BuildingB_Floor2,TypeB
1059,2025-04-09T02:16:57.000Z,27.55,31.56,BuildingA_Floor1,TypeB
1011,2025-04-11T15:25:22.000Z,26.96,59.08,BuildingB_Floor1,TypeB
1088,2025-04-09T21:14:21.000Z,27.65,60.94,BuildingA_Floor2,TypeA
1012,2025-04-09T07:56:28.000Z,18.39,68.43,BuildingB_Floor1,TypeB
1046,2025-04-10T23:29:13.000Z,20.19,38.43,BuildingB_Floor1,TypeC
1005,2025-04-09T08:12:59.000Z,32.12,38.28,BuildingA_Floor2,TypeB
1087,2025-04-11T00:06:08.000Z,28.46,71.88,BuildingA_Floor2,TypeC
1046,2025-04-09T02:35:04.000Z,17.14,65.97,BuildingB_Floor1,TypeB
1058,2025-04-10T11:19:36.000Z,29.98,64.31,BuildingB_Floor1,TypeA
1039,2025-04-07T06:42:04.000Z,17.3,47.44,BuildingA_Floor2,TypeA
1078,2025-04-11T23:20:22.000Z,26.88,36.22,BuildingA_Floor1,TypeA
1021,2025-04-10T04:47:38.000Z,32.65,53.61,BuildingB_Floor1,TypeA
1007,2025-04-09T10:50:19.000Z,26.3,36.78,BuildingA_Floor1,TypeC
1045,2025-04-08T12:27:27.000Z,34.77,75.67,BuildingA_Floor1,TypeB
1039,2025-04-10T12:32:11.000Z,24.31,55.82,BuildingA_Floor2,TypeC
1085,2025-04-10T19:03:26.000Z,22.33,71.02,BuildingA_Floor1,TypeA
1099,2025-04-09T00:03:15.000Z,29.06,54.22,BuildingA_Floor1,TypeC
1008,2025-04-09T04:37:34.000Z,20.49,57.06,BuildingB_Floor1,TypeB
1013,2025-04-08T16:22:46.000Z,15.0,79.97,BuildingA_Floor1,TypeC
1035,2025-04-07T05:34:42.000Z,27.19,77.8,BuildingB_Floor1,TypeC
1044,2025-04-09T17:18:14.000Z,23.5,72.17,BuildingA_Floor1,TypeA
1041,2025-04-07T06:47:45.000Z,26.9,54.26,BuildingA_Floor1,TypeC
1003,2025-04-11T16:13:02.000Z,20.31,73.16,BuildingB_Floor1,TypeA
1001,2025-04-08T00:13:24.000Z,26.71,45.75,BuildingB_Floor2,TypeC
1013,2025-04-11T01:01:49.000Z,33.53,35.21,BuildingB_Floor2,TypeB
1036,2025-04-10T21:36:34.000Z,17.44,45.83,BuildingA_Floor2,TypeC
1068,2025-04-11T18:18:21.000Z,20.85,71.55,BuildingA_Floor2,TypeC
1094,2025-04-11T15:02:54.000Z,15.05,58.14,BuildingB_Floor2,TypeB
1029,2025-04-09T22:36:46.000Z,30.35,69.62,BuildingA_Floor2,TypeA
1008,2025-04-07T13:14:03.000Z,27.6,64.6,BuildingA_Floor2,TypeA
1067,2025-04-10T21:54:11.000Z,33.22,51.05,BuildingB_Floor2,TypeB
1010,2025-04-11T13:46:55.000Z,34.43,55.2,BuildingA_Floor1,TypeA
1042,2025-04-07T20:02:32.000Z,21.37,32.79,BuildingA_Floor1,TypeC
1058,2025-04-07T22:19:28.000Z,16.21,77.5,BuildingB_Floor2,TypeC
1052,2025-04-09T12:47:38.000Z,22.15,53.08,BuildingA_Floor2,TypeC
1061,2025-04-11T10:54:37.000Z,17.64,45.25,BuildingB_Floor2,TypeB
1066,2025-04-09T18:17:09.000Z,31.91,70.58,BuildingB_Floor1,TypeB
1097,2025-04-09T02:52:25.000Z,28.68,75.66,BuildingB_Floor1,TypeB
1017,2025-04-11T15:08:43.000Z,25.05,73.5,BuildingB_Floor2,TypeC
1062,2025-04-08T19:03:06.000Z,31.71,55.63,BuildingB_Floor1,TypeB
1034,2025-04-10T17:18:36.000Z,24.94,43.04,BuildingA_Floor2,TypeC
1055,2025-04-08T15:05:47.000Z,16.19,47.12,BuildingB_Floor2,TypeC
1018,2025-04-10T21:24:34.000Z,34.35,79.6,BuildingB_Floor2,TypeC
1029,2025-04-08T06:19:31.000Z,24.07,77.7,BuildingA_Floor1,TypeA
1025,2025-04-07T06:25:43.000Z,31.55,78.32,BuildingA_Floor1,TypeA
1064,2025-04-11T04:49:10.000Z,32.92,34.88,BuildingA_Floor2,TypeA
1039,2025-04-10T15:25:56.000Z,29.18,58.75,BuildingA_Floor1,TypeC
1026,2025-04-08T21:31:44.000Z,28.89,39.14,BuildingB_Floor1,TypeC
1039,2025-04-08T14:49:43.000Z,28.51,45.22,BuildingA_Floor1,TypeB
1085,2025-04-09T02:43:12.000Z,16.4,36.65,BuildingB_Floor1,TypeB
1059,2025-04-10T11:30:37.000Z,34.52,58.67,BuildingA_Floor1,TypeC
1090,2025-04-11T01:00:50.000Z,17.16,43.58,BuildingB_Floor2,TypeB
1091,2025-04-09T10:23:34.000Z,25.64,66.22,BuildingA_Floor2,TypeA
1034,2025-04-12T01:28:15.000Z,26.11,39.23,BuildingA_Floor1,TypeB
1099,2025-04-07T07:00:52.000Z,17.43,78.36,BuildingB_Floor1,TypeC
1000,2025-04-11T09:17:34.000Z,20.35,78.14,BuildingA_Floor1,TypeB
1047,2025-04-08T22:58:20.000Z,20.24,60.18,BuildingA_Floor1,TypeB
1089,2025-04-09T09:38:42.000Z,18.71,39.67,BuildingA_Floor2,TypeB
1007,2025-04-09T22:40:47.000Z,21.91,78.05,BuildingA_Floor2,TypeB
1043,2025-04-10T13:18:26.000Z,34.76,57.48,BuildingA_Floor1,TypeC
1010,2025-04-09T08:16:15.000Z,24.24,61.55,BuildingA_Floor2,TypeA
1094,2025-04-07T22:57:19.000Z,22.47,64.99,BuildingA_Floor1,TypeC
1014,2025-04-10T01:26:27.000Z,33.25,63.99,BuildingA_Floor2,TypeB
1018,2025-04-07T12:21:37.000Z,15.08,52.84,BuildingB_Floor2,TypeB
1042,2025-04-10T13:10:50.000Z,26.62,77.17,BuildingB_Floor1,TypeA
1052,2025-04-09T20:53:21.000Z,15.55,37.27,BuildingB_Floor1,TypeC
1063,2025-04-10T06:53:59.000Z,33.52,61.12,BuildingB_Floor1,TypeA
1004,2025-04-08T16:56:40.000Z,27.96,73.44,BuildingA_Floor2,TypeA
1050,2025-04-11T13:39:14.000Z,30.15,52.35,BuildingA_Floor2,TypeA
1010,2025-04-11T19:41:47.000Z,30.36,48.35,BuildingB_Floor2,TypeA
1016,2025-04-11T17:12:11.000Z,23.1,64.72,BuildingA_Floor1,TypeB
1100,2025-04-10T07:40:25.000Z,21.51,44.78,BuildingB_Floor2,TypeB
1063,2025-04-09T16:38:52.000Z,30.44,44.39,BuildingB_Floor2,TypeC
1059,2025-04-08T07:48:05.000Z,22.74,54.51,BuildingA_Floor2,TypeC
1048,2025-04-09T08:31:18.000Z,24.39,47.4,BuildingA_Floor1,TypeB
1090,2025-04-11T12:15:06.000Z,27.48,38.34,BuildingB_Floor1,TypeA
1097,2025-04-09T22:59:06.000Z,18.15,66.48,BuildingB_Floor2,TypeB
1026,2025-04-09T09:25:17.000Z,31.59,64.77,BuildingA_Floor1,TypeA
1097,2025-04-08T01:13:48.000Z,32.6,75.12,BuildingB_Floor2,TypeB
1077,2025-04-10T18:35:44.000Z,22.87,35.78,BuildingB_Floor2,TypeB
1015,2025-04-09T16:16:10.000Z,31.29,50.44,BuildingA_Floor1,TypeC
1037,2025-04-07T21:02:34.000Z,19.91,78.96,BuildingB_Floor1,TypeB
1008,2025-04-10T15:42:15.000Z,21.75,76.62,BuildingA_Floor1,TypeA
1083,2025-04-11T15:48:28.000Z,33.35,73.48,BuildingA_Floor2,TypeA
1007,2025-04-11T20:05:43.000Z,21.1,34.3,BuildingB_Floor2,TypeA
1021,2025-04-08T15:05:54.000Z,18.43,55.93,BuildingB_Floor2,TypeB
1030,2025-04-09T11:49:03.000Z,20.3,64.0,BuildingA_Floor1,TypeC
1049,2025-04-11T04:06:38.000Z,26.66,30.13,BuildingA_Floor2,TypeC
1031,2025-04-08T15:41:34.000Z,26.8,49.83,BuildingA_Floor2,TypeB
1031,2025-04-07T12:05:00.000Z,29.05,39.22,BuildingA_Floor2,TypeB
1069,2025-04-07T15:20:38.000Z,34.71,60.47,BuildingB_Floor1,TypeC
1023,2025-04-09T14:45:25.000Z,21.81,52.17,BuildingB_Floor2,TypeA
1066,2025-04-07T18:19:47.000Z,34.89,34.53,BuildingA_Floor2,TypeA
1076,2025-04-07T11:51:06.000Z,27.27,64.49,BuildingA_Floor1,TypeA
1026,2025-04-08T01:44:42.000Z,20.89,47.75,BuildingA_Floor2,TypeC
